SST Hyperparameter Optimization
======================================================================
Device: cuda
Configs: 14

Loading SST data...
  Shape: (1400, 44219)
  Test frames: 1081-1399 (319 frames)
  Training windows: 1001


######################################################################
Config [1/14]: sw0.01
  sindy_weight=0.01, l1=0, warmup=2500, epochs=5000, refit=3000, prune=0.0, dynamics_lr=0.05
######################################################################

Epoch    0 | recon 0.212974 | active terms: 12 | test 0.235183
Epoch   50 | recon 0.020713 | sindy 10.784510 (w=0.0000) | active terms: 12 | test 0.022374
Epoch  100 | recon 0.018038 | sindy 12.650267 (w=0.0000) | active terms: 12 | test 0.020310
Epoch  150 | recon 0.015274 | sindy 12.770623 (w=0.0000) | active terms: 12 | test 0.018326
Epoch  200 | recon 0.013945 | sindy 12.224693 (w=0.0000) | active terms: 12 | test 0.017491
Epoch  250 | recon 0.013499 | sindy 12.827346 (w=0.0000) | active terms: 12 | test 0.016523
Epoch  300 | recon 0.013542 | sindy 12.189937 (w=0.0001) | active terms: 12 | test 0.017004
Epoch  350 | recon 0.012567 | sindy 11.471472 (w=0.0001) | active terms: 12 | test 0.015923
Epoch  400 | recon 0.013200 | sindy 10.332791 (w=0.0001) | active terms: 12 | test 0.015396
Epoch  450 | recon 0.010925 | sindy 9.969193 (w=0.0001) | active terms: 12 | test 0.014595
Epoch  500 | recon 0.010692 | sindy 8.912680 (w=0.0001) | active terms: 12 | test 0.014287
Epoch  550 | recon 0.011047 | sindy 8.994861 (w=0.0001) | active terms: 12 | test 0.013480
Epoch  600 | recon 0.009786 | sindy 8.075733 (w=0.0002) | active terms: 12 | test 0.013414
Epoch  650 | recon 0.010849 | sindy 7.064520 (w=0.0002) | active terms: 12 | test 0.013190
Epoch  700 | recon 0.009911 | sindy 6.871435 (w=0.0002) | active terms: 12 | test 0.012698
Epoch  750 | recon 0.010331 | sindy 6.243637 (w=0.0002) | active terms: 12 | test 0.013198
Epoch  800 | recon 0.009912 | sindy 5.675328 (w=0.0003) | active terms: 12 | test 0.013113
Epoch  850 | recon 0.009551 | sindy 5.589890 (w=0.0003) | active terms: 12 | test 0.012563
Epoch  900 | recon 0.009598 | sindy 5.365627 (w=0.0003) | active terms: 12 | test 0.012858
Epoch  950 | recon 0.009539 | sindy 5.070598 (w=0.0004) | active terms: 12 | test 0.012757
Epoch 1000 | recon 0.009707 | sindy 4.660432 (w=0.0004) | active terms: 12 | test 0.012727
Epoch 1050 | recon 0.009349 | sindy 4.355640 (w=0.0005) | active terms: 12 | test 0.012391
Epoch 1100 | recon 0.009049 | sindy 4.872726 (w=0.0005) | active terms: 12 | test 0.012561
Epoch 1150 | recon 0.009816 | sindy 4.235606 (w=0.0006) | active terms: 12 | test 0.012351
Epoch 1200 | recon 0.008794 | sindy 3.822946 (w=0.0007) | active terms: 12 | test 0.013191
Epoch 1250 | recon 0.009935 | sindy 3.774345 (w=0.0008) | active terms: 12 | test 0.012780
Epoch 1300 | recon 0.009291 | sindy 3.311080 (w=0.0008) | active terms: 12 | test 0.012673
Epoch 1350 | recon 0.010195 | sindy 3.320062 (w=0.0009) | active terms: 12 | test 0.012245
Epoch 1400 | recon 0.008872 | sindy 3.316595 (w=0.0010) | active terms: 12 | test 0.012628
Epoch 1450 | recon 0.009038 | sindy 3.121423 (w=0.0012) | active terms: 12 | test 0.013116
Epoch 1500 | recon 0.009613 | sindy 2.876585 (w=0.0013) | active terms: 12 | test 0.012647
Epoch 1550 | recon 0.009374 | sindy 3.049240 (w=0.0014) | active terms: 12 | test 0.012665
Epoch 1600 | recon 0.009500 | sindy 2.787297 (w=0.0016) | active terms: 12 | test 0.012796
Epoch 1650 | recon 0.009399 | sindy 2.764665 (w=0.0018) | active terms: 12 | test 0.012645
Epoch 1700 | recon 0.009378 | sindy 2.688148 (w=0.0020) | active terms: 12 | test 0.012962
Epoch 1750 | recon 0.008898 | sindy 2.473346 (w=0.0022) | active terms: 12 | test 0.012498
Epoch 1800 | recon 0.009119 | sindy 2.411603 (w=0.0024) | active terms: 12 | test 0.012954
Epoch 1850 | recon 0.008861 | sindy 2.493649 (w=0.0027) | active terms: 12 | test 0.012829
Epoch 1900 | recon 0.008799 | sindy 2.715870 (w=0.0030) | active terms: 12 | test 0.012822
Epoch 1950 | recon 0.009457 | sindy 2.761683 (w=0.0033) | active terms: 12 | test 0.012685
Epoch 2000 | recon 0.009004 | sindy 3.014169 (w=0.0036) | active terms: 12 | test 0.013270
Epoch 2050 | recon 0.009563 | sindy 3.613276 (w=0.0040) | active terms: 12 | test 0.013448
Epoch 2100 | recon 0.009122 | sindy 4.438547 (w=0.0045) | active terms: 12 | test 0.013772
Epoch 2150 | recon 0.009972 | sindy 6.678671 (w=0.0049) | active terms: 12 | test 0.014718
Epoch 2200 | recon 0.012248 | sindy 9.426682 (w=0.0055) | active terms: 12 | test 0.015859
Epoch 2250 | recon 0.012513 | sindy 12.105376 (w=0.0060) | active terms: 12 | test 0.017645
Epoch 2300 | recon 0.014338 | sindy 14.352034 (w=0.0067) | active terms: 12 | test 0.019089
Epoch 2350 | recon 0.012596 | sindy 12.257707 (w=0.0074) | active terms: 12 | test 0.016209
Epoch 2400 | recon 0.016516 | sindy 11.429761 (w=0.0082) | active terms: 12 | test 0.020018
Epoch 2450 | recon 0.014998 | sindy 11.279428 (w=0.0090) | active terms: 12 | test 0.030231
--- Epoch 2500: E_sindy ramp complete (weight=0.0100) ---
Epoch 2500 | recon 0.018274 | sindy 9.121572 (w=0.0100) | active terms: 12 | test 0.031896
Epoch 2550 | recon 0.017865 | sindy 9.528441 (w=0.0100) | active terms: 12 | test 0.027448
Epoch 2600 | recon 0.013723 | sindy 10.139503 (w=0.0100) | active terms: 12 | test 0.024767
Epoch 2650 | recon 0.013516 | sindy 10.643166 (w=0.0100) | active terms: 12 | test 0.018944
Epoch 2700 | recon 0.011697 | sindy 12.154401 (w=0.0100) | active terms: 12 | test 0.019716
Epoch 2750 | recon 0.014330 | sindy 12.148042 (w=0.0100) | active terms: 12 | test 0.018445
Epoch 2800 | recon 0.013767 | sindy 9.766246 (w=0.0100) | active terms: 12 | test 0.021703
Epoch 2850 | recon 0.013561 | sindy 10.649019 (w=0.0100) | active terms: 12 | test 0.017658
Epoch 2900 | recon 0.012159 | sindy 11.755345 (w=0.0100) | active terms: 12 | test 0.016610
Epoch 2950 | recon 0.013196 | sindy 12.493449 (w=0.0100) | active terms: 12 | test 0.016379
Epoch 3000 | recon 0.011718 | sindy 11.144990 (w=0.0100) | active terms: 12 | test 0.016312
Epoch 3050 | recon 0.011637 | sindy 11.847328 (w=0.0100) | active terms: 12 | test 0.015758
Epoch 3100 | recon 0.011619 | sindy 10.232410 (w=0.0100) | active terms: 12 | test 0.016770
Epoch 3150 | recon 0.012373 | sindy 9.822721 (w=0.0100) | active terms: 12 | test 0.021583
Epoch 3200 | recon 0.013113 | sindy 9.540505 (w=0.0100) | active terms: 12 | test 0.021100
Epoch 3250 | recon 0.012253 | sindy 9.371191 (w=0.0100) | active terms: 12 | test 0.021421
Epoch 3300 | recon 0.013603 | sindy 10.093356 (w=0.0100) | active terms: 12 | test 0.021497
Epoch 3350 | recon 0.014909 | sindy 7.674188 (w=0.0100) | active terms: 12 | test 0.022105
Epoch 3400 | recon 0.012028 | sindy 7.895264 (w=0.0100) | active terms: 12 | test 0.021853
Epoch 3450 | recon 0.013885 | sindy 8.070184 (w=0.0100) | active terms: 12 | test 0.022158
Epoch 3500 | recon 0.026967 | sindy 0.512572 (w=0.0100) | active terms: 12 | test 0.030679
Epoch 3550 | recon 0.020971 | sindy 0.496386 (w=0.0100) | active terms: 12 | test 0.026780
Epoch 3600 | recon 0.017989 | sindy 0.395690 (w=0.0100) | active terms: 12 | test 0.024399
Epoch 3650 | recon 0.018574 | sindy 0.349616 (w=0.0100) | active terms: 12 | test 0.023998
Epoch 3700 | recon 0.018059 | sindy 0.372360 (w=0.0100) | active terms: 12 | test 0.022417
Epoch 3750 | recon 0.015287 | sindy 0.345226 (w=0.0100) | active terms: 12 | test 0.024948
Epoch 3800 | recon 0.015042 | sindy 0.304690 (w=0.0100) | active terms: 12 | test 0.020317
Epoch 3850 | recon 0.015107 | sindy 0.329374 (w=0.0100) | active terms: 12 | test 0.021202
Epoch 3900 | recon 0.014365 | sindy 0.311171 (w=0.0100) | active terms: 12 | test 0.018529
Epoch 3950 | recon 0.013679 | sindy 0.353680 (w=0.0100) | active terms: 12 | test 0.018573
Epoch 4000 | recon 0.013396 | sindy 0.312523 (w=0.0100) | active terms: 12 | test 0.017858
Epoch 4050 | recon 0.013097 | sindy 0.406551 (w=0.0100) | active terms: 12 | test 0.018303
Epoch 4100 | recon 0.012012 | sindy 0.413380 (w=0.0100) | active terms: 12 | test 0.017660
Epoch 4150 | recon 0.011733 | sindy 0.435459 (w=0.0100) | active terms: 12 | test 0.016092
Epoch 4200 | recon 0.012226 | sindy 0.533062 (w=0.0100) | active terms: 12 | test 0.016918
Epoch 4250 | recon 0.011577 | sindy 0.609724 (w=0.0100) | active terms: 12 | test 0.015733
Epoch 4300 | recon 0.011089 | sindy 0.855846 (w=0.0100) | active terms: 12 | test 0.014813
Epoch 4350 | recon 0.011540 | sindy 1.119860 (w=0.0100) | active terms: 12 | test 0.014817
Epoch 4400 | recon 0.011621 | sindy 2.396081 (w=0.0100) | active terms: 12 | test 0.013661
Epoch 4450 | recon 0.010118 | sindy 3.227945 (w=0.0100) | active terms: 12 | test 0.013805
Epoch 4500 | recon 0.010340 | sindy 4.524238 (w=0.0100) | active terms: 12 | test 0.012789
Epoch 4550 | recon 0.009911 | sindy 4.250496 (w=0.0100) | active terms: 12 | test 0.012886
Epoch 4600 | recon 0.010304 | sindy 4.183121 (w=0.0100) | active terms: 12 | test 0.013309
Epoch 4650 | recon 0.011275 | sindy 3.857423 (w=0.0100) | active terms: 12 | test 0.012604
Epoch 4700 | recon 0.012803 | sindy 5.684027 (w=0.0100) | active terms: 12 | test 0.014569
Epoch 4750 | recon 0.011200 | sindy 5.015604 (w=0.0100) | active terms: 12 | test 0.013431
Epoch 4800 | recon 0.010550 | sindy 8.363050 (w=0.0100) | active terms: 12 | test 0.013102
Epoch 4850 | recon 0.012656 | sindy 8.064138 (w=0.0100) | active terms: 12 | test 0.013570
Epoch 4900 | recon 0.010625 | sindy 7.509515 (w=0.0100) | active terms: 12 | test 0.014070
Epoch 4950 | recon 0.013094 | sindy 6.117941 (w=0.0100) | active terms: 12 | test 0.015764
Epoch 4999 | recon 0.021326 | sindy 0.366292 (w=0.0100) | active terms: 12 | test 0.022922

Refit phase: freezing encoder, extracting latent trajectories...
  Pre-refit active terms: 12
  Latent trajectory: 1001 points, calling fit() for 3000 epochs
Epoch    0 | deriv 0.180717 | active terms: 12
Epoch   50 | deriv 0.163925 | active terms: 12
Epoch  100 | deriv 0.146968 | active terms: 12
Epoch  150 | deriv 0.131412 | active terms: 12
Epoch  200 | deriv 0.118461 | active terms: 12
Epoch  250 | deriv 0.107861 | active terms: 12
Epoch  300 | deriv 0.099053 | active terms: 12
Epoch  350 | deriv 0.091593 | active terms: 12
Epoch  400 | deriv 0.085213 | active terms: 12
Epoch  450 | deriv 0.079754 | active terms: 12
Epoch  500 | deriv 0.075109 | active terms: 12
Epoch  550 | deriv 0.071182 | active terms: 12
Epoch  600 | deriv 0.067882 | active terms: 12
Epoch  650 | deriv 0.065116 | active terms: 12
Epoch  700 | deriv 0.062798 | active terms: 12
Epoch  750 | deriv 0.060850 | active terms: 12
Epoch  800 | deriv 0.059201 | active terms: 12
Epoch  850 | deriv 0.057794 | active terms: 12
Epoch  900 | deriv 0.056578 | active terms: 12
Epoch  950 | deriv 0.055513 | active terms: 12
Epoch 1000 | deriv 0.054568 | active terms: 12
Epoch 1050 | deriv 0.053718 | active terms: 12
Epoch 1100 | deriv 0.052945 | active terms: 12
Epoch 1150 | deriv 0.052235 | active terms: 12
Epoch 1200 | deriv 0.051579 | active terms: 12
Epoch 1250 | deriv 0.050968 | active terms: 12
Epoch 1300 | deriv 0.050398 | active terms: 12
Epoch 1350 | deriv 0.049865 | active terms: 12
Epoch 1400 | deriv 0.049465 | active terms: 12
Epoch 1450 | deriv 0.048935 | active terms: 12
Epoch 1500 | deriv 0.048524 | active terms: 12
Epoch 1550 | deriv 0.048147 | active terms: 12
Epoch 1600 | deriv 0.047824 | active terms: 12
Epoch 1650 | deriv 0.047524 | active terms: 12
Epoch 1700 | deriv 0.047229 | active terms: 12
Epoch 1750 | deriv 0.046971 | active terms: 12
Epoch 1800 | deriv 0.046771 | active terms: 12
Epoch 1850 | deriv 0.046561 | active terms: 12
Epoch 1900 | deriv 0.046341 | active terms: 12
Epoch 1950 | deriv 0.046161 | active terms: 12
Epoch 2000 | deriv 0.046031 | active terms: 12
Epoch 2050 | deriv 0.045886 | active terms: 12
Epoch 2100 | deriv 0.045760 | active terms: 12
Epoch 2150 | deriv 0.045607 | active terms: 12
Epoch 2200 | deriv 0.045493 | active terms: 12
Epoch 2250 | deriv 0.045424 | active terms: 12
Epoch 2300 | deriv 0.045350 | active terms: 12
Epoch 2350 | deriv 0.045237 | active terms: 12
Epoch 2400 | deriv 0.045160 | active terms: 12
Epoch 2450 | deriv 0.045079 | active terms: 12
Epoch 2500 | deriv 0.045081 | active terms: 12
Epoch 2550 | deriv 0.045015 | active terms: 12
Epoch 2600 | deriv 0.044928 | active terms: 12
Epoch 2650 | deriv 0.044859 | active terms: 12
Epoch 2700 | deriv 0.044836 | active terms: 12
Epoch 2750 | deriv 0.044788 | active terms: 12
Epoch 2800 | deriv 0.044755 | active terms: 12
Epoch 2850 | deriv 0.044718 | active terms: 12
Epoch 2900 | deriv 0.044697 | active terms: 12
Epoch 2950 | deriv 0.044672 | active terms: 12
Epoch 2999 | deriv 0.044656 | active terms: 12

Refit phase: 600 epochs, lr=1.0e-02, l2=0, mask frozen (12 active terms)
Refit    0 | deriv 0.044653
Refit   50 | deriv 0.044624
Refit  100 | deriv 0.044619
Refit  150 | deriv 0.044614
Refit  200 | deriv 0.044609
Refit  250 | deriv 0.044602
Refit  300 | deriv 0.044596
Refit  350 | deriv 0.044589
Refit  400 | deriv 0.044581
Refit  450 | deriv 0.044573
Refit  500 | deriv 0.044565
Refit  550 | deriv 0.044557
Refit  599 | deriv 0.044549

============================================================
RESULT [sw0.01]
  Recon: 6.48%  |  Forecast: 46.63%
  Active terms: 12  |  Time: 110s
  dz1/dt = 3.780 + 8.367*z1 + 7.724*z2 + 19.963*z3
  dz2/dt = 6.935 + 10.924*z1 - 0.309*z2 + 20.240*z3
  dz3/dt = 1.292 - 0.993*z1 - 10.082*z2 - 7.536*z3
============================================================

  (saved to sst_hpo_results.json)


######################################################################
Config [2/14]: sw0.05
  sindy_weight=0.05, l1=0, warmup=2500, epochs=5000, refit=3000, prune=0.0, dynamics_lr=0.05
######################################################################

Epoch    0 | recon 0.212974 | active terms: 12 | test 0.235183
Epoch   50 | recon 0.020714 | sindy 10.783460 (w=0.0000) | active terms: 12 | test 0.022375
Epoch  100 | recon 0.018047 | sindy 12.642875 (w=0.0001) | active terms: 12 | test 0.020302
Epoch  150 | recon 0.015264 | sindy 12.744742 (w=0.0001) | active terms: 12 | test 0.018351
Epoch  200 | recon 0.013952 | sindy 12.152869 (w=0.0002) | active terms: 12 | test 0.017483
Epoch  250 | recon 0.013486 | sindy 12.573622 (w=0.0002) | active terms: 12 | test 0.016494
Epoch  300 | recon 0.013345 | sindy 11.424309 (w=0.0003) | active terms: 12 | test 0.016765
Epoch  350 | recon 0.011830 | sindy 10.008729 (w=0.0003) | active terms: 12 | test 0.015517
Epoch  400 | recon 0.012757 | sindy 8.600695 (w=0.0004) | active terms: 12 | test 0.014617
Epoch  450 | recon 0.010476 | sindy 7.981510 (w=0.0005) | active terms: 12 | test 0.013757
Epoch  500 | recon 0.010197 | sindy 7.111665 (w=0.0006) | active terms: 12 | test 0.013608
Epoch  550 | recon 0.010847 | sindy 7.263111 (w=0.0007) | active terms: 12 | test 0.013171
Epoch  600 | recon 0.009674 | sindy 6.641963 (w=0.0008) | active terms: 12 | test 0.013107
Epoch  650 | recon 0.010386 | sindy 5.846174 (w=0.0009) | active terms: 12 | test 0.013014
Epoch  700 | recon 0.009785 | sindy 5.736401 (w=0.0010) | active terms: 12 | test 0.012588
Epoch  750 | recon 0.010120 | sindy 5.178379 (w=0.0012) | active terms: 12 | test 0.013156
Epoch  800 | recon 0.009691 | sindy 4.823176 (w=0.0013) | active terms: 12 | test 0.013024
Epoch  850 | recon 0.009518 | sindy 4.835194 (w=0.0015) | active terms: 12 | test 0.012666
Epoch  900 | recon 0.009661 | sindy 4.485152 (w=0.0017) | active terms: 12 | test 0.013021
Epoch  950 | recon 0.009355 | sindy 4.336765 (w=0.0019) | active terms: 12 | test 0.012822
Epoch 1000 | recon 0.009822 | sindy 3.959535 (w=0.0022) | active terms: 12 | test 0.012765
Epoch 1050 | recon 0.009485 | sindy 3.630811 (w=0.0024) | active terms: 12 | test 0.012617
Epoch 1100 | recon 0.009019 | sindy 3.997477 (w=0.0027) | active terms: 12 | test 0.013051
Epoch 1150 | recon 0.009846 | sindy 3.422423 (w=0.0030) | active terms: 12 | test 0.012918
Epoch 1200 | recon 0.008869 | sindy 3.124788 (w=0.0034) | active terms: 12 | test 0.013459
Epoch 1250 | recon 0.010218 | sindy 3.106301 (w=0.0038) | active terms: 12 | test 0.012872
Epoch 1300 | recon 0.009927 | sindy 2.818697 (w=0.0042) | active terms: 12 | test 0.012710
Epoch 1350 | recon 0.010682 | sindy 3.289136 (w=0.0047) | active terms: 12 | test 0.013101
Epoch 1400 | recon 0.009293 | sindy 3.807451 (w=0.0052) | active terms: 12 | test 0.013664
Epoch 1450 | recon 0.010036 | sindy 4.575311 (w=0.0058) | active terms: 12 | test 0.014495
Epoch 1500 | recon 0.011437 | sindy 6.095360 (w=0.0065) | active terms: 12 | test 0.016038
Epoch 1550 | recon 0.012475 | sindy 8.639736 (w=0.0072) | active terms: 12 | test 0.017293
Epoch 1600 | recon 0.013420 | sindy 9.820055 (w=0.0080) | active terms: 12 | test 0.019237
Epoch 1650 | recon 0.014060 | sindy 11.797734 (w=0.0089) | active terms: 12 | test 0.023200
Epoch 1700 | recon 0.015146 | sindy 11.125216 (w=0.0098) | active terms: 12 | test 0.019289
Epoch 1750 | recon 0.014881 | sindy 11.457772 (w=0.0109) | active terms: 12 | test 0.020201
Epoch 1800 | recon 0.018873 | sindy 11.692670 (w=0.0121) | active terms: 12 | test 0.019462
Epoch 1850 | recon 0.017725 | sindy 11.955535 (w=0.0134) | active terms: 12 | test 0.019465
Epoch 1900 | recon 0.016097 | sindy 10.333087 (w=0.0148) | active terms: 12 | test 0.019421
Epoch 1950 | recon 0.018744 | sindy 11.619178 (w=0.0164) | active terms: 12 | test 0.018209
Epoch 2000 | recon 0.015950 | sindy 10.867832 (w=0.0182) | active terms: 12 | test 0.020914
Epoch 2050 | recon 0.016379 | sindy 10.907587 (w=0.0201) | active terms: 12 | test 0.019114
Epoch 2100 | recon 0.017971 | sindy 11.830794 (w=0.0223) | active terms: 12 | test 0.019972
Epoch 2150 | recon 0.017394 | sindy 11.330861 (w=0.0247) | active terms: 12 | test 0.020399
Epoch 2200 | recon 0.020221 | sindy 10.631912 (w=0.0273) | active terms: 12 | test 0.024381
Epoch 2250 | recon 0.018683 | sindy 10.365856 (w=0.0302) | active terms: 12 | test 0.020344
Epoch 2300 | recon 0.017220 | sindy 10.626442 (w=0.0334) | active terms: 12 | test 0.026593
Epoch 2350 | recon 0.020047 | sindy 9.165833 (w=0.0370) | active terms: 12 | test 0.023181
Epoch 2400 | recon 0.024387 | sindy 0.865416 (w=0.0409) | active terms: 12 | test 0.025330
Epoch 2450 | recon 0.013209 | sindy 0.776270 (w=0.0452) | active terms: 12 | test 0.022063
--- Epoch 2500: E_sindy ramp complete (weight=0.0500) ---
Epoch 2500 | recon 0.012839 | sindy 0.651066 (w=0.0500) | active terms: 12 | test 0.023551
Epoch 2550 | recon 0.012034 | sindy 0.499292 (w=0.0500) | active terms: 12 | test 0.020862
Epoch 2600 | recon 0.010994 | sindy 0.464453 (w=0.0500) | active terms: 12 | test 0.022455
Epoch 2650 | recon 0.011128 | sindy 0.456295 (w=0.0500) | active terms: 12 | test 0.021781
Epoch 2700 | recon 0.010780 | sindy 0.420838 (w=0.0500) | active terms: 12 | test 0.021821
Epoch 2750 | recon 0.011124 | sindy 0.346650 (w=0.0500) | active terms: 12 | test 0.020669
Epoch 2800 | recon 0.010108 | sindy 0.353744 (w=0.0500) | active terms: 12 | test 0.021867
Epoch 2850 | recon 0.010328 | sindy 0.286314 (w=0.0500) | active terms: 12 | test 0.019344
Epoch 2900 | recon 0.010130 | sindy 0.278903 (w=0.0500) | active terms: 12 | test 0.020446
Epoch 2950 | recon 0.010031 | sindy 0.255523 (w=0.0500) | active terms: 12 | test 0.018981
Epoch 3000 | recon 0.010086 | sindy 0.241903 (w=0.0500) | active terms: 12 | test 0.019134
Epoch 3050 | recon 0.009635 | sindy 0.207326 (w=0.0500) | active terms: 12 | test 0.020175
Epoch 3100 | recon 0.009453 | sindy 0.204161 (w=0.0500) | active terms: 12 | test 0.019227
Epoch 3150 | recon 0.009388 | sindy 0.189895 (w=0.0500) | active terms: 12 | test 0.019336
Epoch 3200 | recon 0.009622 | sindy 0.192891 (w=0.0500) | active terms: 12 | test 0.018483
Epoch 3250 | recon 0.009730 | sindy 0.177816 (w=0.0500) | active terms: 12 | test 0.018094
Epoch 3300 | recon 0.009520 | sindy 0.161378 (w=0.0500) | active terms: 12 | test 0.018348
Epoch 3350 | recon 0.008974 | sindy 0.158397 (w=0.0500) | active terms: 12 | test 0.019226
Epoch 3400 | recon 0.009495 | sindy 0.140728 (w=0.0500) | active terms: 12 | test 0.019185
Epoch 3450 | recon 0.010268 | sindy 0.139931 (w=0.0500) | active terms: 12 | test 0.018323
Epoch 3500 | recon 0.009180 | sindy 0.138373 (w=0.0500) | active terms: 12 | test 0.018275
Epoch 3550 | recon 0.009955 | sindy 0.128120 (w=0.0500) | active terms: 12 | test 0.018441
Epoch 3600 | recon 0.009360 | sindy 0.119710 (w=0.0500) | active terms: 12 | test 0.018421
Epoch 3650 | recon 0.009125 | sindy 0.127454 (w=0.0500) | active terms: 12 | test 0.018310
Epoch 3700 | recon 0.009682 | sindy 0.130328 (w=0.0500) | active terms: 12 | test 0.018769
Epoch 3750 | recon 0.008724 | sindy 0.117814 (w=0.0500) | active terms: 12 | test 0.018758
Epoch 3800 | recon 0.009498 | sindy 0.125403 (w=0.0500) | active terms: 12 | test 0.018469
Epoch 3850 | recon 0.009540 | sindy 0.094215 (w=0.0500) | active terms: 12 | test 0.018608
Epoch 3900 | recon 0.009388 | sindy 0.092230 (w=0.0500) | active terms: 12 | test 0.018409
Epoch 3950 | recon 0.009367 | sindy 0.105042 (w=0.0500) | active terms: 12 | test 0.018021
Epoch 4000 | recon 0.009355 | sindy 0.102988 (w=0.0500) | active terms: 12 | test 0.018799
Epoch 4050 | recon 0.009578 | sindy 0.085283 (w=0.0500) | active terms: 12 | test 0.018808
Epoch 4100 | recon 0.009249 | sindy 0.083072 (w=0.0500) | active terms: 12 | test 0.019728
Epoch 4150 | recon 0.009303 | sindy 0.086992 (w=0.0500) | active terms: 12 | test 0.018583
Epoch 4200 | recon 0.010044 | sindy 0.090891 (w=0.0500) | active terms: 12 | test 0.018089
Epoch 4250 | recon 0.009868 | sindy 0.078279 (w=0.0500) | active terms: 12 | test 0.018492
Epoch 4300 | recon 0.009503 | sindy 0.074399 (w=0.0500) | active terms: 12 | test 0.018814
Epoch 4350 | recon 0.010213 | sindy 0.078086 (w=0.0500) | active terms: 12 | test 0.019170
Epoch 4400 | recon 0.009779 | sindy 0.077779 (w=0.0500) | active terms: 12 | test 0.018349
Epoch 4450 | recon 0.008937 | sindy 0.068538 (w=0.0500) | active terms: 12 | test 0.018263
Epoch 4500 | recon 0.009216 | sindy 0.070552 (w=0.0500) | active terms: 12 | test 0.018518
Epoch 4550 | recon 0.009057 | sindy 0.074377 (w=0.0500) | active terms: 12 | test 0.018644
Epoch 4600 | recon 0.009201 | sindy 0.069903 (w=0.0500) | active terms: 12 | test 0.018512
Epoch 4650 | recon 0.009810 | sindy 0.069517 (w=0.0500) | active terms: 12 | test 0.018731
Epoch 4700 | recon 0.009596 | sindy 0.061069 (w=0.0500) | active terms: 12 | test 0.018800
Epoch 4750 | recon 0.009418 | sindy 0.065899 (w=0.0500) | active terms: 12 | test 0.017317
Epoch 4800 | recon 0.009086 | sindy 0.069701 (w=0.0500) | active terms: 12 | test 0.017389
Epoch 4850 | recon 0.009810 | sindy 0.066122 (w=0.0500) | active terms: 12 | test 0.018188
Epoch 4900 | recon 0.009010 | sindy 0.059275 (w=0.0500) | active terms: 12 | test 0.018359
Epoch 4950 | recon 0.009168 | sindy 0.063544 (w=0.0500) | active terms: 12 | test 0.018567
Epoch 4999 | recon 0.009157 | sindy 0.059082 (w=0.0500) | active terms: 12 | test 0.020027

Refit phase: freezing encoder, extracting latent trajectories...
  Pre-refit active terms: 12
  Latent trajectory: 1001 points, calling fit() for 3000 epochs
Epoch    0 | deriv 0.009086 | active terms: 12
Epoch   50 | deriv 0.009008 | active terms: 12
Epoch  100 | deriv 0.008863 | active terms: 12
Epoch  150 | deriv 0.008743 | active terms: 12
Epoch  200 | deriv 0.008628 | active terms: 12
Epoch  250 | deriv 0.008525 | active terms: 12
Epoch  300 | deriv 0.008436 | active terms: 12
Epoch  350 | deriv 0.008364 | active terms: 12
Epoch  400 | deriv 0.008307 | active terms: 12
Epoch  450 | deriv 0.008263 | active terms: 12
Epoch  500 | deriv 0.008229 | active terms: 12
Epoch  550 | deriv 0.008204 | active terms: 12
Epoch  600 | deriv 0.008186 | active terms: 12
Epoch  650 | deriv 0.008171 | active terms: 12
Epoch  700 | deriv 0.008161 | active terms: 12
Epoch  750 | deriv 0.008152 | active terms: 12
Epoch  800 | deriv 0.008145 | active terms: 12
Epoch  850 | deriv 0.008139 | active terms: 12
Epoch  900 | deriv 0.008134 | active terms: 12
Epoch  950 | deriv 0.008129 | active terms: 12
Epoch 1000 | deriv 0.008125 | active terms: 12
Epoch 1050 | deriv 0.008121 | active terms: 12
Epoch 1100 | deriv 0.008117 | active terms: 12
Epoch 1150 | deriv 0.008113 | active terms: 12
Epoch 1200 | deriv 0.008109 | active terms: 12
Epoch 1250 | deriv 0.008105 | active terms: 12
Epoch 1300 | deriv 0.008109 | active terms: 12
Epoch 1350 | deriv 0.008098 | active terms: 12
Epoch 1400 | deriv 0.008094 | active terms: 12
Epoch 1450 | deriv 0.008091 | active terms: 12
Epoch 1500 | deriv 0.008093 | active terms: 12
Epoch 1550 | deriv 0.008090 | active terms: 12
Epoch 1600 | deriv 0.008082 | active terms: 12
Epoch 1650 | deriv 0.008079 | active terms: 12
Epoch 1700 | deriv 0.008076 | active terms: 12
Epoch 1750 | deriv 0.008074 | active terms: 12
Epoch 1800 | deriv 0.008072 | active terms: 12
Epoch 1850 | deriv 0.008075 | active terms: 12
Epoch 1900 | deriv 0.008066 | active terms: 12
Epoch 1950 | deriv 0.008064 | active terms: 12
Epoch 2000 | deriv 0.008154 | active terms: 12
Epoch 2050 | deriv 0.008070 | active terms: 12
Epoch 2100 | deriv 0.008059 | active terms: 12
Epoch 2150 | deriv 0.008057 | active terms: 12
Epoch 2200 | deriv 0.008086 | active terms: 12
Epoch 2250 | deriv 0.008068 | active terms: 12
Epoch 2300 | deriv 0.008064 | active terms: 12
Epoch 2350 | deriv 0.008052 | active terms: 12
Epoch 2400 | deriv 0.008071 | active terms: 12
Epoch 2450 | deriv 0.008100 | active terms: 12
Epoch 2500 | deriv 0.008050 | active terms: 12
Epoch 2550 | deriv 0.008065 | active terms: 12
Epoch 2600 | deriv 0.008056 | active terms: 12
Epoch 2650 | deriv 0.008059 | active terms: 12
Epoch 2700 | deriv 0.008061 | active terms: 12
Epoch 2750 | deriv 0.008065 | active terms: 12
Epoch 2800 | deriv 0.008052 | active terms: 12
Epoch 2850 | deriv 0.008056 | active terms: 12
Epoch 2900 | deriv 0.008052 | active terms: 12
Epoch 2950 | deriv 0.008050 | active terms: 12
Epoch 2999 | deriv 0.008052 | active terms: 12

Refit phase: 600 epochs, lr=1.0e-02, l2=0, mask frozen (12 active terms)
Refit    0 | deriv 0.008051
Refit   50 | deriv 0.008044
Refit  100 | deriv 0.008043
Refit  150 | deriv 0.008043
Refit  200 | deriv 0.008043
Refit  250 | deriv 0.008043
Refit  300 | deriv 0.008043
Refit  350 | deriv 0.008043
Refit  400 | deriv 0.008042
Refit  450 | deriv 0.008042
Refit  500 | deriv 0.008042
Refit  550 | deriv 0.008042
Refit  599 | deriv 0.008042

============================================================
RESULT [sw0.05]
  Recon: 6.04%  |  Forecast: 1103.95%
  Active terms: 12  |  Time: 113s
  dz1/dt = 5.567 + 20.718*z1 - 19.085*z2 + 16.481*z3
  dz2/dt = -1.204 + 8.143*z1 + 5.099*z2 + 10.239*z3
  dz3/dt = 6.449 - 17.125*z1 - 25.306*z2 - 25.900*z3
============================================================

  (saved to sst_hpo_results.json)


######################################################################
Config [3/14]: sw0.1
  sindy_weight=0.1, l1=0, warmup=2500, epochs=5000, refit=3000, prune=0.0, dynamics_lr=0.05
######################################################################

Epoch    0 | recon 0.212974 | active terms: 12 | test 0.235183
Epoch   50 | recon 0.020714 | sindy 10.782118 (w=0.0001) | active terms: 12 | test 0.022377
Epoch  100 | recon 0.018044 | sindy 12.628701 (w=0.0002) | active terms: 12 | test 0.020300
Epoch  150 | recon 0.015261 | sindy 12.706228 (w=0.0002) | active terms: 12 | test 0.018329
Epoch  200 | recon 0.013964 | sindy 12.043284 (w=0.0003) | active terms: 12 | test 0.017480
Epoch  250 | recon 0.013469 | sindy 12.137139 (w=0.0004) | active terms: 12 | test 0.016452
Epoch  300 | recon 0.012967 | sindy 10.342122 (w=0.0006) | active terms: 12 | test 0.016243
Epoch  350 | recon 0.011451 | sindy 8.368137 (w=0.0007) | active terms: 12 | test 0.014978
Epoch  400 | recon 0.012768 | sindy 7.295067 (w=0.0008) | active terms: 12 | test 0.014001
Epoch  450 | recon 0.010346 | sindy 6.794602 (w=0.0010) | active terms: 12 | test 0.013550
Epoch  500 | recon 0.010115 | sindy 6.223228 (w=0.0012) | active terms: 12 | test 0.013539
Epoch  550 | recon 0.010803 | sindy 6.284933 (w=0.0014) | active terms: 12 | test 0.013206
Epoch  600 | recon 0.009756 | sindy 5.942310 (w=0.0016) | active terms: 12 | test 0.013114
Epoch  650 | recon 0.010215 | sindy 5.250244 (w=0.0018) | active terms: 12 | test 0.013032
Epoch  700 | recon 0.009856 | sindy 5.277962 (w=0.0021) | active terms: 12 | test 0.012725
Epoch  750 | recon 0.010106 | sindy 4.763618 (w=0.0024) | active terms: 12 | test 0.013470
Epoch  800 | recon 0.009610 | sindy 4.447218 (w=0.0027) | active terms: 12 | test 0.013114
Epoch  850 | recon 0.009448 | sindy 4.276192 (w=0.0030) | active terms: 12 | test 0.012777
Epoch  900 | recon 0.009654 | sindy 3.980288 (w=0.0034) | active terms: 12 | test 0.013423
Epoch  950 | recon 0.009449 | sindy 3.742313 (w=0.0039) | active terms: 12 | test 0.012888
Epoch 1000 | recon 0.010027 | sindy 3.419851 (w=0.0043) | active terms: 12 | test 0.012789
Epoch 1050 | recon 0.009796 | sindy 3.310133 (w=0.0049) | active terms: 12 | test 0.012930
Epoch 1100 | recon 0.009962 | sindy 3.507864 (w=0.0054) | active terms: 12 | test 0.014205
Epoch 1150 | recon 0.010849 | sindy 3.428694 (w=0.0061) | active terms: 12 | test 0.014385
Epoch 1200 | recon 0.009810 | sindy 3.997300 (w=0.0068) | active terms: 12 | test 0.015705
Epoch 1250 | recon 0.011567 | sindy 4.973769 (w=0.0076) | active terms: 12 | test 0.015638
Epoch 1300 | recon 0.012593 | sindy 5.940584 (w=0.0085) | active terms: 12 | test 0.020331
Epoch 1350 | recon 0.014283 | sindy 8.275490 (w=0.0094) | active terms: 12 | test 0.020686
Epoch 1400 | recon 0.015579 | sindy 10.131139 (w=0.0105) | active terms: 12 | test 0.025621
Epoch 1450 | recon 0.015523 | sindy 10.904533 (w=0.0117) | active terms: 12 | test 0.022225
Epoch 1500 | recon 0.014020 | sindy 23.956802 (w=0.0129) | active terms: 12 | test 0.016848
Epoch 1550 | recon 0.016285 | sindy 64.120689 (w=0.0144) | active terms: 12 | test 0.019346
Epoch 1600 | recon 0.015216 | sindy 46.426365 (w=0.0160) | active terms: 12 | test 0.019808
Epoch 1650 | recon 0.014645 | sindy 42.119652 (w=0.0177) | active terms: 12 | test 0.018148
Epoch 1700 | recon 0.015076 | sindy 25.085030 (w=0.0196) | active terms: 12 | test 0.020013
Epoch 1750 | recon 0.013683 | sindy 23.114994 (w=0.0218) | active terms: 12 | test 0.018376
Epoch 1800 | recon 0.014384 | sindy 20.597351 (w=0.0241) | active terms: 12 | test 0.019019
Epoch 1850 | recon 0.015385 | sindy 19.076277 (w=0.0268) | active terms: 12 | test 0.019634
Epoch 1900 | recon 0.016877 | sindy 18.251896 (w=0.0296) | active terms: 12 | test 0.019559
Epoch 1950 | recon 0.014244 | sindy 17.902258 (w=0.0328) | active terms: 12 | test 0.020558
Epoch 2000 | recon 0.014207 | sindy 16.564640 (w=0.0364) | active terms: 12 | test 0.020476
Epoch 2050 | recon 0.014625 | sindy 16.353996 (w=0.0403) | active terms: 12 | test 0.020741
Epoch 2100 | recon 0.014462 | sindy 16.865299 (w=0.0446) | active terms: 12 | test 0.021683
Epoch 2150 | recon 0.018461 | sindy 15.985561 (w=0.0493) | active terms: 12 | test 0.022931
Epoch 2200 | recon 0.019956 | sindy 15.210975 (w=0.0546) | active terms: 12 | test 0.023230
Epoch 2250 | recon 0.023906 | sindy 14.038036 (w=0.0604) | active terms: 12 | test 0.027613
Epoch 2300 | recon 0.022390 | sindy 14.101841 (w=0.0668) | active terms: 12 | test 0.025309
Epoch 2350 | recon 0.026354 | sindy 13.379573 (w=0.0739) | active terms: 12 | test 0.029471
Epoch 2400 | recon 0.028990 | sindy 12.399526 (w=0.0818) | active terms: 12 | test 0.029453
Epoch 2450 | recon 0.025585 | sindy 10.324891 (w=0.0904) | active terms: 12 | test 0.030688
--- Epoch 2500: E_sindy ramp complete (weight=0.1000) ---
Epoch 2500 | recon 0.026541 | sindy 9.891661 (w=0.1000) | active terms: 12 | test 0.031592
Epoch 2550 | recon 0.028227 | sindy 2.690828 (w=0.1000) | active terms: 12 | test 0.029475
Epoch 2600 | recon 0.022076 | sindy 1.467634 (w=0.1000) | active terms: 12 | test 0.024046
Epoch 2650 | recon 0.021395 | sindy 1.182758 (w=0.1000) | active terms: 12 | test 0.022836
Epoch 2700 | recon 0.021148 | sindy 0.941240 (w=0.1000) | active terms: 12 | test 0.022122
Epoch 2750 | recon 0.016992 | sindy 0.832673 (w=0.1000) | active terms: 12 | test 0.022470
Epoch 2800 | recon 0.019537 | sindy 0.817900 (w=0.1000) | active terms: 12 | test 0.023483
Epoch 2850 | recon 0.018556 | sindy 0.624300 (w=0.1000) | active terms: 12 | test 0.020847
Epoch 2900 | recon 0.016290 | sindy 0.519995 (w=0.1000) | active terms: 12 | test 0.020087
Epoch 2950 | recon 0.017974 | sindy 0.480422 (w=0.1000) | active terms: 12 | test 0.020773
Epoch 3000 | recon 0.016747 | sindy 0.412928 (w=0.1000) | active terms: 12 | test 0.019161
Epoch 3050 | recon 0.016169 | sindy 0.347422 (w=0.1000) | active terms: 12 | test 0.019042
Epoch 3100 | recon 0.016453 | sindy 0.349984 (w=0.1000) | active terms: 12 | test 0.019373
Epoch 3150 | recon 0.016498 | sindy 0.288959 (w=0.1000) | active terms: 12 | test 0.019848
Epoch 3200 | recon 0.014491 | sindy 0.261893 (w=0.1000) | active terms: 12 | test 0.018155
Epoch 3250 | recon 0.015874 | sindy 0.251812 (w=0.1000) | active terms: 12 | test 0.018606
Epoch 3300 | recon 0.016012 | sindy 0.243856 (w=0.1000) | active terms: 12 | test 0.018235
Epoch 3350 | recon 0.015066 | sindy 0.207797 (w=0.1000) | active terms: 12 | test 0.017752
Epoch 3400 | recon 0.014432 | sindy 0.186787 (w=0.1000) | active terms: 12 | test 0.018158
Epoch 3450 | recon 0.014899 | sindy 0.196110 (w=0.1000) | active terms: 12 | test 0.018055
Epoch 3500 | recon 0.014798 | sindy 0.169849 (w=0.1000) | active terms: 12 | test 0.017513
Epoch 3550 | recon 0.014414 | sindy 0.161318 (w=0.1000) | active terms: 12 | test 0.017387
Epoch 3600 | recon 0.014573 | sindy 0.137427 (w=0.1000) | active terms: 12 | test 0.017871
Epoch 3650 | recon 0.015122 | sindy 0.137287 (w=0.1000) | active terms: 12 | test 0.019342
Epoch 3700 | recon 0.013842 | sindy 0.151016 (w=0.1000) | active terms: 12 | test 0.017521
Epoch 3750 | recon 0.014885 | sindy 0.141623 (w=0.1000) | active terms: 12 | test 0.016741
Epoch 3800 | recon 0.014480 | sindy 0.125723 (w=0.1000) | active terms: 12 | test 0.017465
Epoch 3850 | recon 0.015859 | sindy 0.129522 (w=0.1000) | active terms: 12 | test 0.019537
Epoch 3900 | recon 0.013762 | sindy 0.123546 (w=0.1000) | active terms: 12 | test 0.017194
Epoch 3950 | recon 0.013671 | sindy 0.123363 (w=0.1000) | active terms: 12 | test 0.017462
Epoch 4000 | recon 0.013118 | sindy 0.116400 (w=0.1000) | active terms: 12 | test 0.016479
Epoch 4050 | recon 0.014960 | sindy 0.112959 (w=0.1000) | active terms: 12 | test 0.016494
Epoch 4100 | recon 0.013117 | sindy 0.117230 (w=0.1000) | active terms: 12 | test 0.016901
Epoch 4150 | recon 0.012252 | sindy 0.106958 (w=0.1000) | active terms: 12 | test 0.015867
Epoch 4200 | recon 0.013784 | sindy 0.108054 (w=0.1000) | active terms: 12 | test 0.016835
Epoch 4250 | recon 0.013868 | sindy 0.100236 (w=0.1000) | active terms: 12 | test 0.015990
Epoch 4300 | recon 0.012306 | sindy 0.100663 (w=0.1000) | active terms: 12 | test 0.016011
Epoch 4350 | recon 0.012926 | sindy 0.098282 (w=0.1000) | active terms: 12 | test 0.015611
Epoch 4400 | recon 0.012999 | sindy 0.090688 (w=0.1000) | active terms: 12 | test 0.015368
Epoch 4450 | recon 0.012384 | sindy 0.095660 (w=0.1000) | active terms: 12 | test 0.015311
Epoch 4500 | recon 0.011612 | sindy 0.084568 (w=0.1000) | active terms: 12 | test 0.015752
Epoch 4550 | recon 0.011530 | sindy 0.081348 (w=0.1000) | active terms: 12 | test 0.015383
Epoch 4600 | recon 0.010896 | sindy 0.080153 (w=0.1000) | active terms: 12 | test 0.015129
Epoch 4650 | recon 0.011399 | sindy 0.078842 (w=0.1000) | active terms: 12 | test 0.015226
Epoch 4700 | recon 0.012132 | sindy 0.082363 (w=0.1000) | active terms: 12 | test 0.014588
Epoch 4750 | recon 0.011379 | sindy 0.074672 (w=0.1000) | active terms: 12 | test 0.015043
Epoch 4800 | recon 0.011183 | sindy 0.074748 (w=0.1000) | active terms: 12 | test 0.014925
Epoch 4850 | recon 0.011650 | sindy 0.072944 (w=0.1000) | active terms: 12 | test 0.014564
Epoch 4900 | recon 0.011829 | sindy 0.069105 (w=0.1000) | active terms: 12 | test 0.014938
Epoch 4950 | recon 0.011126 | sindy 0.069713 (w=0.1000) | active terms: 12 | test 0.014619
Epoch 4999 | recon 0.011334 | sindy 0.063279 (w=0.1000) | active terms: 12 | test 0.014416

Refit phase: freezing encoder, extracting latent trajectories...
  Pre-refit active terms: 12
  Latent trajectory: 1001 points, calling fit() for 3000 epochs
Epoch    0 | deriv 0.036871 | active terms: 12
Epoch   50 | deriv 0.035375 | active terms: 12
Epoch  100 | deriv 0.034537 | active terms: 12
Epoch  150 | deriv 0.033728 | active terms: 12
Epoch  200 | deriv 0.032963 | active terms: 12
Epoch  250 | deriv 0.032219 | active terms: 12
Epoch  300 | deriv 0.031472 | active terms: 12
Epoch  350 | deriv 0.030708 | active terms: 12
Epoch  400 | deriv 0.029923 | active terms: 12
Epoch  450 | deriv 0.029122 | active terms: 12
Epoch  500 | deriv 0.028310 | active terms: 12
Epoch  550 | deriv 0.027493 | active terms: 12
Epoch  600 | deriv 0.026676 | active terms: 12
Epoch  650 | deriv 0.025864 | active terms: 12
Epoch  700 | deriv 0.025061 | active terms: 12
Epoch  750 | deriv 0.024272 | active terms: 12
Epoch  800 | deriv 0.023499 | active terms: 12
Epoch  850 | deriv 0.022746 | active terms: 12
Epoch  900 | deriv 0.022014 | active terms: 12
Epoch  950 | deriv 0.021306 | active terms: 12
Epoch 1000 | deriv 0.020624 | active terms: 12
Epoch 1050 | deriv 0.019967 | active terms: 12
Epoch 1100 | deriv 0.019339 | active terms: 12
Epoch 1150 | deriv 0.018739 | active terms: 12
Epoch 1200 | deriv 0.018168 | active terms: 12
Epoch 1250 | deriv 0.017626 | active terms: 12
Epoch 1300 | deriv 0.017113 | active terms: 12
Epoch 1350 | deriv 0.016635 | active terms: 12
Epoch 1400 | deriv 0.016174 | active terms: 12
Epoch 1450 | deriv 0.015747 | active terms: 12
Epoch 1500 | deriv 0.015348 | active terms: 12
Epoch 1550 | deriv 0.014989 | active terms: 12
Epoch 1600 | deriv 0.014634 | active terms: 12
Epoch 1650 | deriv 0.014310 | active terms: 12
Epoch 1700 | deriv 0.014017 | active terms: 12
Epoch 1750 | deriv 0.013760 | active terms: 12
Epoch 1800 | deriv 0.013529 | active terms: 12
Epoch 1850 | deriv 0.013334 | active terms: 12
Epoch 1900 | deriv 0.013125 | active terms: 12
Epoch 1950 | deriv 0.012953 | active terms: 12
Epoch 2000 | deriv 0.012794 | active terms: 12
Epoch 2050 | deriv 0.012653 | active terms: 12
Epoch 2100 | deriv 0.012511 | active terms: 12
Epoch 2150 | deriv 0.012407 | active terms: 12
Epoch 2200 | deriv 0.012292 | active terms: 12
Epoch 2250 | deriv 0.012204 | active terms: 12
Epoch 2300 | deriv 0.012119 | active terms: 12
Epoch 2350 | deriv 0.012056 | active terms: 12
Epoch 2400 | deriv 0.011975 | active terms: 12
Epoch 2450 | deriv 0.011913 | active terms: 12
Epoch 2500 | deriv 0.011863 | active terms: 12
Epoch 2550 | deriv 0.011808 | active terms: 12
Epoch 2600 | deriv 0.011764 | active terms: 12
Epoch 2650 | deriv 0.011716 | active terms: 12
Epoch 2700 | deriv 0.011678 | active terms: 12
Epoch 2750 | deriv 0.011658 | active terms: 12
Epoch 2800 | deriv 0.011618 | active terms: 12
Epoch 2850 | deriv 0.011598 | active terms: 12
Epoch 2900 | deriv 0.011558 | active terms: 12
Epoch 2950 | deriv 0.011543 | active terms: 12
Epoch 2999 | deriv 0.011525 | active terms: 12

Refit phase: 600 epochs, lr=1.0e-02, l2=0, mask frozen (12 active terms)
Refit    0 | deriv 0.011526
Refit   50 | deriv 0.011511
Refit  100 | deriv 0.011507
Refit  150 | deriv 0.011503
Refit  200 | deriv 0.011497
Refit  250 | deriv 0.011492
Refit  300 | deriv 0.011486
Refit  350 | deriv 0.011479
Refit  400 | deriv 0.011472
Refit  450 | deriv 0.011465
Refit  500 | deriv 0.011458
Refit  550 | deriv 0.011451
Refit  599 | deriv 0.011444

============================================================
RESULT [sw0.1]
  Recon: 4.58%  |  Forecast: DIVERGED
  Active terms: 12  |  Time: 112s
  dz1/dt = -1.503 + 9.769*z1 - 47.570*z2 - 1.434*z3
  dz2/dt = -14.033 + 34.393*z1 + 22.519*z2 + 33.423*z3
  dz3/dt = 8.192 - 25.517*z1 + 36.042*z2 - 13.759*z3
============================================================

  (saved to sst_hpo_results.json)


######################################################################
Config [4/14]: sw0.5
  sindy_weight=0.5, l1=0, warmup=2500, epochs=5000, refit=3000, prune=0.0, dynamics_lr=0.05
######################################################################

Epoch    0 | recon 0.212974 | active terms: 12 | test 0.235183
Epoch   50 | recon 0.020713 | sindy 10.766871 (w=0.0004) | active terms: 12 | test 0.022384
Epoch  100 | recon 0.018071 | sindy 12.537127 (w=0.0008) | active terms: 12 | test 0.020303
Epoch  150 | recon 0.015221 | sindy 12.336891 (w=0.0012) | active terms: 12 | test 0.018365
Epoch  200 | recon 0.014036 | sindy 10.416989 (w=0.0017) | active terms: 12 | test 0.017104
Epoch  250 | recon 0.012524 | sindy 8.391875 (w=0.0022) | active terms: 12 | test 0.015581
Epoch  300 | recon 0.011867 | sindy 6.359185 (w=0.0028) | active terms: 12 | test 0.014631
Epoch  350 | recon 0.010900 | sindy 5.194785 (w=0.0034) | active terms: 12 | test 0.014546
Epoch  400 | recon 0.012039 | sindy 4.681357 (w=0.0042) | active terms: 12 | test 0.013615
Epoch  450 | recon 0.009710 | sindy 4.283796 (w=0.0050) | active terms: 12 | test 0.013589
Epoch  500 | recon 0.009983 | sindy 4.082266 (w=0.0058) | active terms: 12 | test 0.013382
Epoch  550 | recon 0.010544 | sindy 3.944836 (w=0.0068) | active terms: 12 | test 0.013207
Epoch  600 | recon 0.009561 | sindy 3.879891 (w=0.0079) | active terms: 12 | test 0.013051
Epoch  650 | recon 0.009748 | sindy 3.167408 (w=0.0091) | active terms: 12 | test 0.013117
Epoch  700 | recon 0.009360 | sindy 3.122305 (w=0.0104) | active terms: 12 | test 0.012823
Epoch  750 | recon 0.009897 | sindy 3.026876 (w=0.0118) | active terms: 12 | test 0.013452
Epoch  800 | recon 0.009554 | sindy 2.750350 (w=0.0134) | active terms: 12 | test 0.013309
Epoch  850 | recon 0.009624 | sindy 2.928705 (w=0.0152) | active terms: 12 | test 0.012782
Epoch  900 | recon 0.009389 | sindy 2.725173 (w=0.0171) | active terms: 12 | test 0.013326
Epoch  950 | recon 0.011981 | sindy 3.026407 (w=0.0193) | active terms: 12 | test 0.013987
Epoch 1000 | recon 0.011838 | sindy 3.931532 (w=0.0217) | active terms: 12 | test 0.015860
Epoch 1050 | recon 0.015133 | sindy 7.834370 (w=0.0243) | active terms: 12 | test 0.020549
Epoch 1100 | recon 0.019985 | sindy 9.617377 (w=0.0272) | active terms: 12 | test 0.025745
Epoch 1150 | recon 0.020779 | sindy 10.560761 (w=0.0304) | active terms: 12 | test 0.023931
Epoch 1200 | recon 0.021355 | sindy 12.178960 (w=0.0340) | active terms: 12 | test 0.026749
Epoch 1250 | recon 0.020731 | sindy 10.884118 (w=0.0379) | active terms: 12 | test 0.025784
Epoch 1300 | recon 0.022785 | sindy 8.538218 (w=0.0423) | active terms: 12 | test 0.027417
Epoch 1350 | recon 0.020425 | sindy 8.255841 (w=0.0471) | active terms: 12 | test 0.019287
Epoch 1400 | recon 0.030401 | sindy 0.171617 (w=0.0524) | active terms: 12 | test 0.039915
Epoch 1450 | recon 0.020920 | sindy 0.166414 (w=0.0583) | active terms: 12 | test 0.023633
Epoch 1500 | recon 0.019832 | sindy 0.132696 (w=0.0647) | active terms: 12 | test 0.021957
Epoch 1550 | recon 0.022649 | sindy 0.114269 (w=0.0719) | active terms: 12 | test 0.021074
Epoch 1600 | recon 0.015902 | sindy 0.113314 (w=0.0798) | active terms: 12 | test 0.024863
Epoch 1650 | recon 0.016731 | sindy 0.103758 (w=0.0886) | active terms: 12 | test 0.020019
Epoch 1700 | recon 0.017478 | sindy 0.093070 (w=0.0982) | active terms: 12 | test 0.019902
Epoch 1750 | recon 0.015689 | sindy 0.085772 (w=0.1089) | active terms: 12 | test 0.021507
Epoch 1800 | recon 0.016764 | sindy 0.070198 (w=0.1207) | active terms: 12 | test 0.020034
Epoch 1850 | recon 0.015950 | sindy 0.065746 (w=0.1338) | active terms: 12 | test 0.018881
Epoch 1900 | recon 0.017421 | sindy 0.058486 (w=0.1482) | active terms: 12 | test 0.019336
Epoch 1950 | recon 0.016194 | sindy 0.061524 (w=0.1642) | active terms: 12 | test 0.018399
Epoch 2000 | recon 0.014518 | sindy 0.057138 (w=0.1818) | active terms: 12 | test 0.018287
Epoch 2050 | recon 0.016100 | sindy 0.045535 (w=0.2013) | active terms: 12 | test 0.017693
Epoch 2100 | recon 0.015577 | sindy 0.044199 (w=0.2228) | active terms: 12 | test 0.017910
Epoch 2150 | recon 0.014831 | sindy 0.041233 (w=0.2466) | active terms: 12 | test 0.020046
Epoch 2200 | recon 0.015168 | sindy 0.037642 (w=0.2729) | active terms: 12 | test 0.018345
Epoch 2250 | recon 0.015250 | sindy 0.034228 (w=0.3019) | active terms: 12 | test 0.017803
Epoch 2300 | recon 0.016470 | sindy 0.033382 (w=0.3340) | active terms: 12 | test 0.020071
Epoch 2350 | recon 0.014812 | sindy 0.033883 (w=0.3695) | active terms: 12 | test 0.017821
Epoch 2400 | recon 0.014024 | sindy 0.036254 (w=0.4088) | active terms: 12 | test 0.019038
Epoch 2450 | recon 0.013866 | sindy 0.042366 (w=0.4521) | active terms: 12 | test 0.018339
--- Epoch 2500: E_sindy ramp complete (weight=0.5000) ---
Epoch 2500 | recon 0.013402 | sindy 0.054440 (w=0.5000) | active terms: 12 | test 0.021656
Epoch 2550 | recon 0.016728 | sindy 0.055692 (w=0.5000) | active terms: 12 | test 0.018977
Epoch 2600 | recon 0.013327 | sindy 0.063596 (w=0.5000) | active terms: 12 | test 0.024143
Epoch 2650 | recon 0.014813 | sindy 0.071814 (w=0.5000) | active terms: 12 | test 0.020158
Epoch 2700 | recon 0.014386 | sindy 0.061805 (w=0.5000) | active terms: 12 | test 0.019809
Epoch 2750 | recon 0.013116 | sindy 0.063881 (w=0.5000) | active terms: 12 | test 0.022987
Epoch 2800 | recon 0.014098 | sindy 0.053494 (w=0.5000) | active terms: 12 | test 0.019875
Epoch 2850 | recon 0.013602 | sindy 0.056578 (w=0.5000) | active terms: 12 | test 0.017666
Epoch 2900 | recon 0.014413 | sindy 0.045449 (w=0.5000) | active terms: 12 | test 0.018834
Epoch 2950 | recon 0.011696 | sindy 0.051868 (w=0.5000) | active terms: 12 | test 0.016911
Epoch 3000 | recon 0.012287 | sindy 0.059132 (w=0.5000) | active terms: 12 | test 0.015942
Epoch 3050 | recon 0.011919 | sindy 0.083441 (w=0.5000) | active terms: 12 | test 0.017439
Epoch 3100 | recon 0.012585 | sindy 0.104631 (w=0.5000) | active terms: 12 | test 0.017033
Epoch 3150 | recon 0.012812 | sindy 0.297687 (w=0.5000) | active terms: 12 | test 0.017217
Epoch 3200 | recon 0.011984 | sindy 0.428127 (w=0.5000) | active terms: 12 | test 0.015804
Epoch 3250 | recon 0.017039 | sindy 0.081597 (w=0.5000) | active terms: 12 | test 0.018639
Epoch 3300 | recon 0.013709 | sindy 0.089834 (w=0.5000) | active terms: 12 | test 0.017178
Epoch 3350 | recon 0.014363 | sindy 0.101702 (w=0.5000) | active terms: 12 | test 0.017509
Epoch 3400 | recon 0.014235 | sindy 0.146400 (w=0.5000) | active terms: 12 | test 0.016988
Epoch 3450 | recon 0.012102 | sindy 0.619466 (w=0.5000) | active terms: 12 | test 0.015373
Epoch 3500 | recon 0.014292 | sindy 0.162192 (w=0.5000) | active terms: 12 | test 0.015831
Epoch 3550 | recon 0.013433 | sindy 0.113292 (w=0.5000) | active terms: 12 | test 0.017516
Epoch 3600 | recon 0.014094 | sindy 0.626419 (w=0.5000) | active terms: 12 | test 0.017995
Epoch 3650 | recon 0.012471 | sindy 0.227532 (w=0.5000) | active terms: 12 | test 0.014850
Epoch 3700 | recon 0.013674 | sindy 0.212546 (w=0.5000) | active terms: 12 | test 0.015819
Epoch 3750 | recon 0.011740 | sindy 0.194266 (w=0.5000) | active terms: 12 | test 0.015250
Epoch 3800 | recon 0.011670 | sindy 0.209305 (w=0.5000) | active terms: 12 | test 0.016818
Epoch 3850 | recon 0.012838 | sindy 0.127826 (w=0.5000) | active terms: 12 | test 0.017992
Epoch 3900 | recon 0.011182 | sindy 0.235390 (w=0.5000) | active terms: 12 | test 0.015621
Epoch 3950 | recon 0.011601 | sindy 0.197016 (w=0.5000) | active terms: 12 | test 0.018342
Epoch 4000 | recon 0.011938 | sindy 0.188253 (w=0.5000) | active terms: 12 | test 0.020271
Epoch 4050 | recon 0.014292 | sindy 0.116563 (w=0.5000) | active terms: 12 | test 0.016174
Epoch 4100 | recon 0.011057 | sindy 0.184972 (w=0.5000) | active terms: 12 | test 0.019507
Epoch 4150 | recon 0.010514 | sindy 0.176404 (w=0.5000) | active terms: 12 | test 0.020409
Epoch 4200 | recon 0.011941 | sindy 0.179628 (w=0.5000) | active terms: 12 | test 0.015502
Epoch 4250 | recon 0.011311 | sindy 0.194630 (w=0.5000) | active terms: 12 | test 0.018618
Epoch 4300 | recon 0.011057 | sindy 0.219750 (w=0.5000) | active terms: 12 | test 0.016607
Epoch 4350 | recon 0.013108 | sindy 0.211244 (w=0.5000) | active terms: 12 | test 0.016804
Epoch 4400 | recon 0.012218 | sindy 0.206707 (w=0.5000) | active terms: 12 | test 0.018151
Epoch 4450 | recon 0.011556 | sindy 0.166798 (w=0.5000) | active terms: 12 | test 0.019106
Epoch 4500 | recon 0.012086 | sindy 0.195920 (w=0.5000) | active terms: 12 | test 0.018755
Epoch 4550 | recon 0.011663 | sindy 0.197390 (w=0.5000) | active terms: 12 | test 0.016058
Epoch 4600 | recon 0.011657 | sindy 0.177682 (w=0.5000) | active terms: 12 | test 0.020750
Epoch 4650 | recon 0.012258 | sindy 0.239561 (w=0.5000) | active terms: 12 | test 0.018153
Epoch 4700 | recon 0.012433 | sindy 0.243767 (w=0.5000) | active terms: 12 | test 0.019458
Epoch 4750 | recon 0.012277 | sindy 0.223497 (w=0.5000) | active terms: 12 | test 0.017397
Epoch 4800 | recon 0.012211 | sindy 0.256322 (w=0.5000) | active terms: 12 | test 0.020384
Epoch 4850 | recon 0.013043 | sindy 0.319861 (w=0.5000) | active terms: 12 | test 0.021292
Epoch 4900 | recon 0.012087 | sindy 0.295718 (w=0.5000) | active terms: 12 | test 0.020049
Epoch 4950 | recon 0.012717 | sindy 0.360380 (w=0.5000) | active terms: 12 | test 0.023433
Epoch 4999 | recon 0.011526 | sindy 0.663767 (w=0.5000) | active terms: 12 | test 0.018223

Refit phase: freezing encoder, extracting latent trajectories...
  Pre-refit active terms: 12
  Latent trajectory: 1001 points, calling fit() for 3000 epochs
Epoch    0 | deriv 0.118075 | active terms: 12
Epoch   50 | deriv 0.113577 | active terms: 12
Epoch  100 | deriv 0.110959 | active terms: 12
Epoch  150 | deriv 0.108824 | active terms: 12
Epoch  200 | deriv 0.107159 | active terms: 12
Epoch  250 | deriv 0.105896 | active terms: 12
Epoch  300 | deriv 0.104917 | active terms: 12
Epoch  350 | deriv 0.104119 | active terms: 12
Epoch  400 | deriv 0.103434 | active terms: 12
Epoch  450 | deriv 0.102829 | active terms: 12
Epoch  500 | deriv 0.102288 | active terms: 12
Epoch  550 | deriv 0.101805 | active terms: 12
Epoch  600 | deriv 0.101378 | active terms: 12
Epoch  650 | deriv 0.101004 | active terms: 12
Epoch  700 | deriv 0.100681 | active terms: 12
Epoch  750 | deriv 0.100405 | active terms: 12
Epoch  800 | deriv 0.100172 | active terms: 12
Epoch  850 | deriv 0.099978 | active terms: 12
Epoch  900 | deriv 0.099818 | active terms: 12
Epoch  950 | deriv 0.099687 | active terms: 12
Epoch 1000 | deriv 0.099581 | active terms: 12
Epoch 1050 | deriv 0.099497 | active terms: 12
Epoch 1100 | deriv 0.099431 | active terms: 12
Epoch 1150 | deriv 0.099379 | active terms: 12
Epoch 1200 | deriv 0.099339 | active terms: 12
Epoch 1250 | deriv 0.099309 | active terms: 12
Epoch 1300 | deriv 0.099289 | active terms: 12
Epoch 1350 | deriv 0.099269 | active terms: 12
Epoch 1400 | deriv 0.099256 | active terms: 12
Epoch 1450 | deriv 0.099284 | active terms: 12
Epoch 1500 | deriv 0.099242 | active terms: 12
Epoch 1550 | deriv 0.099235 | active terms: 12
Epoch 1600 | deriv 0.099232 | active terms: 12
Epoch 1650 | deriv 0.099306 | active terms: 12
Epoch 1700 | deriv 0.099230 | active terms: 12
Epoch 1750 | deriv 0.099228 | active terms: 12
Epoch 1800 | deriv 0.099227 | active terms: 12
Epoch 1850 | deriv 0.099273 | active terms: 12
Epoch 1900 | deriv 0.099235 | active terms: 12
Epoch 1950 | deriv 0.099228 | active terms: 12
Epoch 2000 | deriv 0.099235 | active terms: 12
Epoch 2050 | deriv 0.099268 | active terms: 12
Epoch 2100 | deriv 0.099234 | active terms: 12
Epoch 2150 | deriv 0.099264 | active terms: 12
Epoch 2200 | deriv 0.099226 | active terms: 12
Epoch 2250 | deriv 0.099268 | active terms: 12
Epoch 2300 | deriv 0.099254 | active terms: 12
Epoch 2350 | deriv 0.099246 | active terms: 12
Epoch 2400 | deriv 0.099234 | active terms: 12
Epoch 2450 | deriv 0.099251 | active terms: 12
Epoch 2500 | deriv 0.099259 | active terms: 12
Epoch 2550 | deriv 0.099247 | active terms: 12
Epoch 2600 | deriv 0.099233 | active terms: 12
Epoch 2650 | deriv 0.099250 | active terms: 12
Epoch 2700 | deriv 0.099251 | active terms: 12
Epoch 2750 | deriv 0.099243 | active terms: 12
Epoch 2800 | deriv 0.099242 | active terms: 12
Epoch 2850 | deriv 0.099234 | active terms: 12
Epoch 2900 | deriv 0.099240 | active terms: 12
Epoch 2950 | deriv 0.099232 | active terms: 12
Epoch 2999 | deriv 0.099240 | active terms: 12

Refit phase: 600 epochs, lr=1.0e-02, l2=0, mask frozen (12 active terms)
Refit    0 | deriv 0.099242
Refit   50 | deriv 0.099227
Refit  100 | deriv 0.099224
Refit  150 | deriv 0.099224
Refit  200 | deriv 0.099224
Refit  250 | deriv 0.099224
Refit  300 | deriv 0.099224
Refit  350 | deriv 0.099224
Refit  400 | deriv 0.099224
Refit  450 | deriv 0.099224
Refit  500 | deriv 0.099224
Refit  550 | deriv 0.099224
Refit  599 | deriv 0.099224

============================================================
RESULT [sw0.5]
  Recon: 5.62%  |  Forecast: DIVERGED
  Active terms: 12  |  Time: 112s
  dz1/dt = 14.576 + 4.100*z1 + 13.692*z2 + 34.552*z3
  dz2/dt = 5.664 + 14.725*z1 - 4.837*z2 + 16.769*z3
  dz3/dt = 4.484 - 37.304*z1 + 33.965*z2 + 0.735*z3
============================================================

  (saved to sst_hpo_results.json)


######################################################################
Config [5/14]: sw1.0
  sindy_weight=1.0, l1=0, warmup=2500, epochs=5000, refit=3000, prune=0.0, dynamics_lr=0.05
######################################################################

Epoch    0 | recon 0.212974 | active terms: 12 | test 0.235183
Epoch   50 | recon 0.020717 | sindy 10.747585 (w=0.0007) | active terms: 12 | test 0.022396
Epoch  100 | recon 0.018091 | sindy 12.408977 (w=0.0015) | active terms: 12 | test 0.020286
Epoch  150 | recon 0.015158 | sindy 11.618573 (w=0.0024) | active terms: 12 | test 0.018363
Epoch  200 | recon 0.014303 | sindy 8.415187 (w=0.0033) | active terms: 12 | test 0.016334
Epoch  250 | recon 0.012164 | sindy 6.592142 (w=0.0044) | active terms: 12 | test 0.015447
Epoch  300 | recon 0.011477 | sindy 5.456114 (w=0.0056) | active terms: 12 | test 0.014560
Epoch  350 | recon 0.010743 | sindy 4.604244 (w=0.0069) | active terms: 12 | test 0.014541
Epoch  400 | recon 0.011787 | sindy 4.086875 (w=0.0083) | active terms: 12 | test 0.013593
Epoch  450 | recon 0.009528 | sindy 3.794182 (w=0.0099) | active terms: 12 | test 0.013699
Epoch  500 | recon 0.009769 | sindy 3.715228 (w=0.0117) | active terms: 12 | test 0.013538
Epoch  550 | recon 0.010462 | sindy 3.855790 (w=0.0136) | active terms: 12 | test 0.013469
Epoch  600 | recon 0.009736 | sindy 4.085449 (w=0.0157) | active terms: 12 | test 0.013298
Epoch  650 | recon 0.009925 | sindy 3.606368 (w=0.0181) | active terms: 12 | test 0.013258
Epoch  700 | recon 0.009362 | sindy 3.547314 (w=0.0207) | active terms: 12 | test 0.012984
Epoch  750 | recon 0.010805 | sindy 3.299018 (w=0.0236) | active terms: 12 | test 0.014593
Epoch  800 | recon 0.012499 | sindy 4.286484 (w=0.0268) | active terms: 12 | test 0.017723
Epoch  850 | recon 0.015051 | sindy 6.989944 (w=0.0303) | active terms: 12 | test 0.020019
Epoch  900 | recon 0.017593 | sindy 10.487801 (w=0.0343) | active terms: 12 | test 0.022794
Epoch  950 | recon 0.022014 | sindy 11.751308 (w=0.0386) | active terms: 12 | test 0.026269
Epoch 1000 | recon 0.020082 | sindy 12.127880 (w=0.0433) | active terms: 12 | test 0.026171
Epoch 1050 | recon 0.021501 | sindy 11.380427 (w=0.0486) | active terms: 12 | test 0.025430
Epoch 1100 | recon 0.027753 | sindy 4.414234 (w=0.0544) | active terms: 12 | test 0.032919
Epoch 1150 | recon 0.025497 | sindy 0.197167 (w=0.0609) | active terms: 12 | test 0.026567
Epoch 1200 | recon 0.022292 | sindy 0.120235 (w=0.0680) | active terms: 12 | test 0.033311
Epoch 1250 | recon 0.019627 | sindy 0.108456 (w=0.0759) | active terms: 12 | test 0.021446
Epoch 1300 | recon 0.019299 | sindy 0.091595 (w=0.0845) | active terms: 12 | test 0.020205
Epoch 1350 | recon 0.018827 | sindy 0.085588 (w=0.0942) | active terms: 12 | test 0.019906
Epoch 1400 | recon 0.020373 | sindy 0.080326 (w=0.1048) | active terms: 12 | test 0.022721
Epoch 1450 | recon 0.014976 | sindy 0.074059 (w=0.1165) | active terms: 12 | test 0.019270
Epoch 1500 | recon 0.015978 | sindy 0.069924 (w=0.1295) | active terms: 12 | test 0.019584
Epoch 1550 | recon 0.017840 | sindy 0.065823 (w=0.1438) | active terms: 12 | test 0.024700
Epoch 1600 | recon 0.014908 | sindy 0.061716 (w=0.1596) | active terms: 12 | test 0.021185
Epoch 1650 | recon 0.017083 | sindy 0.059382 (w=0.1771) | active terms: 12 | test 0.020322
Epoch 1700 | recon 0.016718 | sindy 0.056507 (w=0.1965) | active terms: 12 | test 0.022850
Epoch 1750 | recon 0.014980 | sindy 0.051578 (w=0.2179) | active terms: 12 | test 0.020359
Epoch 1800 | recon 0.017199 | sindy 0.049434 (w=0.2415) | active terms: 12 | test 0.020776
Epoch 1850 | recon 0.016810 | sindy 0.050039 (w=0.2676) | active terms: 12 | test 0.022340
Epoch 1900 | recon 0.016163 | sindy 0.047051 (w=0.2965) | active terms: 12 | test 0.020673
Epoch 1950 | recon 0.016719 | sindy 0.053749 (w=0.3283) | active terms: 12 | test 0.024734
Epoch 2000 | recon 0.017080 | sindy 0.048161 (w=0.3636) | active terms: 12 | test 0.020765
Epoch 2050 | recon 0.017538 | sindy 0.049590 (w=0.4025) | active terms: 12 | test 0.033642
Epoch 2100 | recon 0.017301 | sindy 0.055804 (w=0.4456) | active terms: 12 | test 0.027449
Epoch 2150 | recon 0.017587 | sindy 0.057381 (w=0.4932) | active terms: 12 | test 0.022596
Epoch 2200 | recon 0.019965 | sindy 0.063359 (w=0.5458) | active terms: 12 | test 0.024432
Epoch 2250 | recon 0.018644 | sindy 0.084924 (w=0.6039) | active terms: 12 | test 0.026638
Epoch 2300 | recon 0.020637 | sindy 0.153624 (w=0.6681) | active terms: 12 | test 0.028939
Epoch 2350 | recon 0.028036 | sindy 0.275103 (w=0.7391) | active terms: 12 | test 0.034832
Epoch 2400 | recon 0.031476 | sindy 0.409237 (w=0.8175) | active terms: 12 | test 0.032206
Epoch 2450 | recon 0.023536 | sindy 0.499142 (w=0.9042) | active terms: 12 | test 0.040501
--- Epoch 2500: E_sindy ramp complete (weight=1.0000) ---
Epoch 2500 | recon 0.030143 | sindy 0.168819 (w=1.0000) | active terms: 12 | test 0.038351
Epoch 2550 | recon 0.027537 | sindy 0.211109 (w=1.0000) | active terms: 12 | test 0.038502
Epoch 2600 | recon 0.025220 | sindy 0.164745 (w=1.0000) | active terms: 12 | test 0.039382
Epoch 2650 | recon 0.030597 | sindy 0.157624 (w=1.0000) | active terms: 12 | test 0.034809
Epoch 2700 | recon 0.021165 | sindy 0.128964 (w=1.0000) | active terms: 12 | test 0.039699
Epoch 2750 | recon 0.025037 | sindy 0.153800 (w=1.0000) | active terms: 12 | test 0.034369
Epoch 2800 | recon 0.020111 | sindy 0.151096 (w=1.0000) | active terms: 12 | test 0.033184
Epoch 2850 | recon 0.021506 | sindy 0.124964 (w=1.0000) | active terms: 12 | test 0.037635
Epoch 2900 | recon 0.017507 | sindy 0.129901 (w=1.0000) | active terms: 12 | test 0.035780
Epoch 2950 | recon 0.018729 | sindy 0.117701 (w=1.0000) | active terms: 12 | test 0.036650
Epoch 3000 | recon 0.016617 | sindy 0.107780 (w=1.0000) | active terms: 12 | test 0.030795
Epoch 3050 | recon 0.017263 | sindy 0.100509 (w=1.0000) | active terms: 12 | test 0.028497
Epoch 3100 | recon 0.023261 | sindy 0.098886 (w=1.0000) | active terms: 12 | test 0.026856
Epoch 3150 | recon 0.015047 | sindy 0.098641 (w=1.0000) | active terms: 12 | test 0.025493
Epoch 3200 | recon 0.015174 | sindy 0.091740 (w=1.0000) | active terms: 12 | test 0.030942
Epoch 3250 | recon 0.014886 | sindy 0.086847 (w=1.0000) | active terms: 12 | test 0.026210
Epoch 3300 | recon 0.017634 | sindy 0.093351 (w=1.0000) | active terms: 12 | test 0.027018
Epoch 3350 | recon 0.014996 | sindy 0.077917 (w=1.0000) | active terms: 12 | test 0.023181
Epoch 3400 | recon 0.012416 | sindy 0.078636 (w=1.0000) | active terms: 12 | test 0.025577
Epoch 3450 | recon 0.014979 | sindy 0.078384 (w=1.0000) | active terms: 12 | test 0.025268
Epoch 3500 | recon 0.016580 | sindy 0.084401 (w=1.0000) | active terms: 12 | test 0.022450
Epoch 3550 | recon 0.014166 | sindy 0.073428 (w=1.0000) | active terms: 12 | test 0.021412
Epoch 3600 | recon 0.014714 | sindy 0.069695 (w=1.0000) | active terms: 12 | test 0.022072
Epoch 3650 | recon 0.016798 | sindy 0.071373 (w=1.0000) | active terms: 12 | test 0.025143
Epoch 3700 | recon 0.013491 | sindy 0.065638 (w=1.0000) | active terms: 12 | test 0.023068
Epoch 3750 | recon 0.012958 | sindy 0.061109 (w=1.0000) | active terms: 12 | test 0.023007
Epoch 3800 | recon 0.013920 | sindy 0.070362 (w=1.0000) | active terms: 12 | test 0.023611
Epoch 3850 | recon 0.014339 | sindy 0.060546 (w=1.0000) | active terms: 12 | test 0.026640
Epoch 3900 | recon 0.012850 | sindy 0.062831 (w=1.0000) | active terms: 12 | test 0.019602
Epoch 3950 | recon 0.013489 | sindy 0.059659 (w=1.0000) | active terms: 12 | test 0.025107
Epoch 4000 | recon 0.013617 | sindy 0.052363 (w=1.0000) | active terms: 12 | test 0.021043
Epoch 4050 | recon 0.014358 | sindy 0.049152 (w=1.0000) | active terms: 12 | test 0.019397
Epoch 4100 | recon 0.012903 | sindy 0.057887 (w=1.0000) | active terms: 12 | test 0.023696
Epoch 4150 | recon 0.012229 | sindy 0.059096 (w=1.0000) | active terms: 12 | test 0.035569
Epoch 4200 | recon 0.012671 | sindy 0.059512 (w=1.0000) | active terms: 12 | test 0.018320
Epoch 4250 | recon 0.014606 | sindy 0.048154 (w=1.0000) | active terms: 12 | test 0.022061
Epoch 4300 | recon 0.012333 | sindy 0.046913 (w=1.0000) | active terms: 12 | test 0.020879
Epoch 4350 | recon 0.013756 | sindy 0.050843 (w=1.0000) | active terms: 12 | test 0.018482
Epoch 4400 | recon 0.013375 | sindy 0.053401 (w=1.0000) | active terms: 12 | test 0.021277
Epoch 4450 | recon 0.012530 | sindy 0.046507 (w=1.0000) | active terms: 12 | test 0.023918
Epoch 4500 | recon 0.013582 | sindy 0.050684 (w=1.0000) | active terms: 12 | test 0.018855
Epoch 4550 | recon 0.013857 | sindy 0.043376 (w=1.0000) | active terms: 12 | test 0.019154
Epoch 4600 | recon 0.011371 | sindy 0.042959 (w=1.0000) | active terms: 12 | test 0.020496
Epoch 4650 | recon 0.012629 | sindy 0.049498 (w=1.0000) | active terms: 12 | test 0.018995
Epoch 4700 | recon 0.012350 | sindy 0.047664 (w=1.0000) | active terms: 12 | test 0.016829
Epoch 4750 | recon 0.012390 | sindy 0.043127 (w=1.0000) | active terms: 12 | test 0.019093
Epoch 4800 | recon 0.013259 | sindy 0.045719 (w=1.0000) | active terms: 12 | test 0.021576
Epoch 4850 | recon 0.012730 | sindy 0.046516 (w=1.0000) | active terms: 12 | test 0.018102
Epoch 4900 | recon 0.011754 | sindy 0.048256 (w=1.0000) | active terms: 12 | test 0.019499
Epoch 4950 | recon 0.011426 | sindy 0.047536 (w=1.0000) | active terms: 12 | test 0.022176
Epoch 4999 | recon 0.011613 | sindy 0.048267 (w=1.0000) | active terms: 12 | test 0.016594

Refit phase: freezing encoder, extracting latent trajectories...
  Pre-refit active terms: 12
  Latent trajectory: 1001 points, calling fit() for 3000 epochs
Epoch    0 | deriv 0.004679 | active terms: 12
Epoch   50 | deriv 0.004648 | active terms: 12
Epoch  100 | deriv 0.004591 | active terms: 12
Epoch  150 | deriv 0.004578 | active terms: 12
Epoch  200 | deriv 0.004564 | active terms: 12
Epoch  250 | deriv 0.004549 | active terms: 12
Epoch  300 | deriv 0.004534 | active terms: 12
Epoch  350 | deriv 0.004518 | active terms: 12
Epoch  400 | deriv 0.004501 | active terms: 12
Epoch  450 | deriv 0.004484 | active terms: 12
Epoch  500 | deriv 0.004468 | active terms: 12
Epoch  550 | deriv 0.004451 | active terms: 12
Epoch  600 | deriv 0.004434 | active terms: 12
Epoch  650 | deriv 0.004417 | active terms: 12
Epoch  700 | deriv 0.004401 | active terms: 12
Epoch  750 | deriv 0.004385 | active terms: 12
Epoch  800 | deriv 0.004370 | active terms: 12
Epoch  850 | deriv 0.004355 | active terms: 12
Epoch  900 | deriv 0.004341 | active terms: 12
Epoch  950 | deriv 0.004327 | active terms: 12
Epoch 1000 | deriv 0.004315 | active terms: 12
Epoch 1050 | deriv 0.004302 | active terms: 12
Epoch 1100 | deriv 0.004291 | active terms: 12
Epoch 1150 | deriv 0.004280 | active terms: 12
Epoch 1200 | deriv 0.004270 | active terms: 12
Epoch 1250 | deriv 0.004261 | active terms: 12
Epoch 1300 | deriv 0.004252 | active terms: 12
Epoch 1350 | deriv 0.004244 | active terms: 12
Epoch 1400 | deriv 0.004237 | active terms: 12
Epoch 1450 | deriv 0.004230 | active terms: 12
Epoch 1500 | deriv 0.004224 | active terms: 12
Epoch 1550 | deriv 0.004219 | active terms: 12
Epoch 1600 | deriv 0.004214 | active terms: 12
Epoch 1650 | deriv 0.004209 | active terms: 12
Epoch 1700 | deriv 0.004205 | active terms: 12
Epoch 1750 | deriv 0.004202 | active terms: 12
Epoch 1800 | deriv 0.004198 | active terms: 12
Epoch 1850 | deriv 0.004286 | active terms: 12
Epoch 1900 | deriv 0.004194 | active terms: 12
Epoch 1950 | deriv 0.004191 | active terms: 12
Epoch 2000 | deriv 0.004223 | active terms: 12
Epoch 2050 | deriv 0.004228 | active terms: 12
Epoch 2100 | deriv 0.004186 | active terms: 12
Epoch 2150 | deriv 0.004200 | active terms: 12
Epoch 2200 | deriv 0.004198 | active terms: 12
Epoch 2250 | deriv 0.004241 | active terms: 12
Epoch 2300 | deriv 0.004183 | active terms: 12
Epoch 2350 | deriv 0.004194 | active terms: 12
Epoch 2400 | deriv 0.004209 | active terms: 12
Epoch 2450 | deriv 0.004228 | active terms: 12
Epoch 2500 | deriv 0.004187 | active terms: 12
Epoch 2550 | deriv 0.004198 | active terms: 12
Epoch 2600 | deriv 0.004186 | active terms: 12
Epoch 2650 | deriv 0.004205 | active terms: 12
Epoch 2700 | deriv 0.004197 | active terms: 12
Epoch 2750 | deriv 0.004190 | active terms: 12
Epoch 2800 | deriv 0.004190 | active terms: 12
Epoch 2850 | deriv 0.004177 | active terms: 12
Epoch 2900 | deriv 0.004233 | active terms: 12
Epoch 2950 | deriv 0.004197 | active terms: 12
Epoch 2999 | deriv 0.004182 | active terms: 12

Refit phase: 600 epochs, lr=1.0e-02, l2=0, mask frozen (12 active terms)
Refit    0 | deriv 0.004179
Refit   50 | deriv 0.004172
Refit  100 | deriv 0.004170
Refit  150 | deriv 0.004170
Refit  200 | deriv 0.004169
Refit  250 | deriv 0.004169
Refit  300 | deriv 0.004169
Refit  350 | deriv 0.004169
Refit  400 | deriv 0.004169
Refit  450 | deriv 0.004169
Refit  500 | deriv 0.004168
Refit  550 | deriv 0.004168
Refit  599 | deriv 0.004168

============================================================
RESULT [sw1.0]
  Recon: 5.29%  |  Forecast: 23.11%
  Active terms: 12  |  Time: 112s
  dz1/dt = 11.862 + 5.433*z1 + 6.033*z2 + 27.505*z3
  dz2/dt = 8.804 + 14.013*z1 - 5.719*z2 + 20.683*z3
  dz3/dt = -0.358 - 26.060*z1 + 25.099*z2 - 2.795*z3
============================================================

  (saved to sst_hpo_results.json)


######################################################################
Config [6/14]: warm1k
  sindy_weight=0.1, l1=0, warmup=1000, epochs=5000, refit=3000, prune=0.0, dynamics_lr=0.05
######################################################################

Epoch    0 | recon 0.212974 | active terms: 12 | test 0.235183
Epoch   50 | recon 0.020715 | sindy 10.776902 (w=0.0002) | active terms: 12 | test 0.022379
Epoch  100 | recon 0.018048 | sindy 12.586251 (w=0.0004) | active terms: 12 | test 0.020303
Epoch  150 | recon 0.015243 | sindy 12.535970 (w=0.0008) | active terms: 12 | test 0.018370
Epoch  200 | recon 0.014010 | sindy 11.373079 (w=0.0012) | active terms: 12 | test 0.017421
Epoch  250 | recon 0.013192 | sindy 9.525907 (w=0.0017) | active terms: 12 | test 0.015881
Epoch  300 | recon 0.012254 | sindy 6.844568 (w=0.0024) | active terms: 12 | test 0.015188
Epoch  350 | recon 0.011117 | sindy 5.480139 (w=0.0032) | active terms: 12 | test 0.014727
Epoch  400 | recon 0.012293 | sindy 4.902020 (w=0.0043) | active terms: 12 | test 0.013747
Epoch  450 | recon 0.009860 | sindy 4.407412 (w=0.0058) | active terms: 12 | test 0.013690
Epoch  500 | recon 0.009957 | sindy 4.136558 (w=0.0076) | active terms: 12 | test 0.013488
Epoch  550 | recon 0.010485 | sindy 3.871397 (w=0.0099) | active terms: 12 | test 0.013340
Epoch  600 | recon 0.009563 | sindy 3.739549 (w=0.0129) | active terms: 12 | test 0.013144
Epoch  650 | recon 0.009788 | sindy 2.979420 (w=0.0168) | active terms: 12 | test 0.013220
Epoch  700 | recon 0.009274 | sindy 2.914082 (w=0.0218) | active terms: 12 | test 0.012887
Epoch  750 | recon 0.010159 | sindy 2.920597 (w=0.0282) | active terms: 12 | test 0.013714
Epoch  800 | recon 0.010142 | sindy 2.786149 (w=0.0364) | active terms: 12 | test 0.015004
Epoch  850 | recon 0.010369 | sindy 4.113779 (w=0.0469) | active terms: 12 | test 0.014934
Epoch  900 | recon 0.011337 | sindy 5.671031 (w=0.0604) | active terms: 12 | test 0.018107
Epoch  950 | recon 0.012474 | sindy 10.352252 (w=0.0777) | active terms: 12 | test 0.014657
--- Epoch 1000: E_sindy ramp complete (weight=0.1000) ---
Epoch 1000 | recon 0.012256 | sindy 10.955524 (w=0.1000) | active terms: 12 | test 0.014382
Epoch 1050 | recon 0.012108 | sindy 12.369171 (w=0.1000) | active terms: 12 | test 0.014961
Epoch 1100 | recon 0.012600 | sindy 12.835275 (w=0.1000) | active terms: 12 | test 0.016372
Epoch 1150 | recon 0.023944 | sindy 12.148919 (w=0.1000) | active terms: 12 | test 0.028829
Epoch 1200 | recon 0.046119 | sindy 2.441116 (w=0.1000) | active terms: 12 | test 0.048370
Epoch 1250 | recon 0.035260 | sindy 1.693567 (w=0.1000) | active terms: 12 | test 0.037872
Epoch 1300 | recon 0.026506 | sindy 1.613777 (w=0.1000) | active terms: 12 | test 0.028076
Epoch 1350 | recon 0.025951 | sindy 1.893308 (w=0.1000) | active terms: 12 | test 0.026181
Epoch 1400 | recon 0.026264 | sindy 1.985984 (w=0.1000) | active terms: 12 | test 0.024650
Epoch 1450 | recon 0.024161 | sindy 1.606143 (w=0.1000) | active terms: 12 | test 0.024726
Epoch 1500 | recon 0.022808 | sindy 1.873364 (w=0.1000) | active terms: 12 | test 0.024015
Epoch 1550 | recon 0.021545 | sindy 1.618373 (w=0.1000) | active terms: 12 | test 0.023166
Epoch 1600 | recon 0.022364 | sindy 1.502028 (w=0.1000) | active terms: 12 | test 0.023796
Epoch 1650 | recon 0.018942 | sindy 1.490513 (w=0.1000) | active terms: 12 | test 0.022452
Epoch 1700 | recon 0.019698 | sindy 1.118411 (w=0.1000) | active terms: 12 | test 0.021593
Epoch 1750 | recon 0.017943 | sindy 1.095972 (w=0.1000) | active terms: 12 | test 0.020498
Epoch 1800 | recon 0.019240 | sindy 0.931294 (w=0.1000) | active terms: 12 | test 0.020276
Epoch 1850 | recon 0.017058 | sindy 0.817171 (w=0.1000) | active terms: 12 | test 0.019610
Epoch 1900 | recon 0.018043 | sindy 0.803308 (w=0.1000) | active terms: 12 | test 0.018555
Epoch 1950 | recon 0.015935 | sindy 0.749838 (w=0.1000) | active terms: 12 | test 0.018683
Epoch 2000 | recon 0.016600 | sindy 0.676903 (w=0.1000) | active terms: 12 | test 0.018711
Epoch 2050 | recon 0.016295 | sindy 0.609019 (w=0.1000) | active terms: 12 | test 0.017574
Epoch 2100 | recon 0.016334 | sindy 0.584752 (w=0.1000) | active terms: 12 | test 0.017440
Epoch 2150 | recon 0.015605 | sindy 0.501540 (w=0.1000) | active terms: 12 | test 0.018960
Epoch 2200 | recon 0.015641 | sindy 0.450210 (w=0.1000) | active terms: 12 | test 0.017331
Epoch 2250 | recon 0.016306 | sindy 0.500217 (w=0.1000) | active terms: 12 | test 0.017976
Epoch 2300 | recon 0.014833 | sindy 0.442177 (w=0.1000) | active terms: 12 | test 0.017277
Epoch 2350 | recon 0.015395 | sindy 0.399147 (w=0.1000) | active terms: 12 | test 0.016089
Epoch 2400 | recon 0.016042 | sindy 0.366698 (w=0.1000) | active terms: 12 | test 0.017327
Epoch 2450 | recon 0.016534 | sindy 0.342506 (w=0.1000) | active terms: 12 | test 0.016009
Epoch 2500 | recon 0.013520 | sindy 0.367648 (w=0.1000) | active terms: 12 | test 0.016169
Epoch 2550 | recon 0.013240 | sindy 0.373831 (w=0.1000) | active terms: 12 | test 0.016573
Epoch 2600 | recon 0.012112 | sindy 0.312367 (w=0.1000) | active terms: 12 | test 0.015997
Epoch 2650 | recon 0.013958 | sindy 0.287658 (w=0.1000) | active terms: 12 | test 0.015811
Epoch 2700 | recon 0.013395 | sindy 0.328262 (w=0.1000) | active terms: 12 | test 0.015080
Epoch 2750 | recon 0.014277 | sindy 0.276504 (w=0.1000) | active terms: 12 | test 0.015411
Epoch 2800 | recon 0.013102 | sindy 0.273794 (w=0.1000) | active terms: 12 | test 0.014798
Epoch 2850 | recon 0.013232 | sindy 0.292117 (w=0.1000) | active terms: 12 | test 0.014762
Epoch 2900 | recon 0.012058 | sindy 0.285630 (w=0.1000) | active terms: 12 | test 0.014594
Epoch 2950 | recon 0.013456 | sindy 0.257793 (w=0.1000) | active terms: 12 | test 0.014743
Epoch 3000 | recon 0.012813 | sindy 0.297130 (w=0.1000) | active terms: 12 | test 0.014847
Epoch 3050 | recon 0.012393 | sindy 0.252499 (w=0.1000) | active terms: 12 | test 0.014449
Epoch 3100 | recon 0.013652 | sindy 0.275420 (w=0.1000) | active terms: 12 | test 0.014855
Epoch 3150 | recon 0.011868 | sindy 0.272219 (w=0.1000) | active terms: 12 | test 0.014243
Epoch 3200 | recon 0.011191 | sindy 0.231614 (w=0.1000) | active terms: 12 | test 0.014433
Epoch 3250 | recon 0.011458 | sindy 0.279546 (w=0.1000) | active terms: 12 | test 0.014380
Epoch 3300 | recon 0.012000 | sindy 0.237660 (w=0.1000) | active terms: 12 | test 0.014341
Epoch 3350 | recon 0.012394 | sindy 0.238833 (w=0.1000) | active terms: 12 | test 0.014693
Epoch 3400 | recon 0.012252 | sindy 0.235132 (w=0.1000) | active terms: 12 | test 0.014359
Epoch 3450 | recon 0.012472 | sindy 0.241513 (w=0.1000) | active terms: 12 | test 0.014668
Epoch 3500 | recon 0.010689 | sindy 0.224973 (w=0.1000) | active terms: 12 | test 0.014014
Epoch 3550 | recon 0.011861 | sindy 0.233737 (w=0.1000) | active terms: 12 | test 0.014059
Epoch 3600 | recon 0.011083 | sindy 0.250683 (w=0.1000) | active terms: 12 | test 0.013967
Epoch 3650 | recon 0.011072 | sindy 0.225200 (w=0.1000) | active terms: 12 | test 0.014037
Epoch 3700 | recon 0.011434 | sindy 0.241589 (w=0.1000) | active terms: 12 | test 0.014069
Epoch 3750 | recon 0.010327 | sindy 0.232647 (w=0.1000) | active terms: 12 | test 0.014368
Epoch 3800 | recon 0.011876 | sindy 0.239316 (w=0.1000) | active terms: 12 | test 0.015244
Epoch 3850 | recon 0.010937 | sindy 0.252450 (w=0.1000) | active terms: 12 | test 0.014521
Epoch 3900 | recon 0.010856 | sindy 0.220003 (w=0.1000) | active terms: 12 | test 0.014339
Epoch 3950 | recon 0.011487 | sindy 0.200959 (w=0.1000) | active terms: 12 | test 0.013407
Epoch 4000 | recon 0.011544 | sindy 0.215291 (w=0.1000) | active terms: 12 | test 0.013792
Epoch 4050 | recon 0.011781 | sindy 0.193452 (w=0.1000) | active terms: 12 | test 0.014359
Epoch 4100 | recon 0.010040 | sindy 0.222805 (w=0.1000) | active terms: 12 | test 0.014025
Epoch 4150 | recon 0.010457 | sindy 0.218152 (w=0.1000) | active terms: 12 | test 0.013126
Epoch 4200 | recon 0.012511 | sindy 0.206847 (w=0.1000) | active terms: 12 | test 0.013099
Epoch 4250 | recon 0.010737 | sindy 0.194708 (w=0.1000) | active terms: 12 | test 0.013047
Epoch 4300 | recon 0.010965 | sindy 0.176666 (w=0.1000) | active terms: 12 | test 0.012907
Epoch 4350 | recon 0.011528 | sindy 0.180617 (w=0.1000) | active terms: 12 | test 0.013452
Epoch 4400 | recon 0.010979 | sindy 0.189038 (w=0.1000) | active terms: 12 | test 0.013038
Epoch 4450 | recon 0.011134 | sindy 0.203816 (w=0.1000) | active terms: 12 | test 0.012893
Epoch 4500 | recon 0.010146 | sindy 0.166245 (w=0.1000) | active terms: 12 | test 0.013224
Epoch 4550 | recon 0.009859 | sindy 0.184297 (w=0.1000) | active terms: 12 | test 0.013946
Epoch 4600 | recon 0.010367 | sindy 0.187296 (w=0.1000) | active terms: 12 | test 0.012974
Epoch 4650 | recon 0.010661 | sindy 0.185866 (w=0.1000) | active terms: 12 | test 0.012741
Epoch 4700 | recon 0.010520 | sindy 0.166291 (w=0.1000) | active terms: 12 | test 0.013028
Epoch 4750 | recon 0.010091 | sindy 0.159741 (w=0.1000) | active terms: 12 | test 0.012798
Epoch 4800 | recon 0.010108 | sindy 0.165001 (w=0.1000) | active terms: 12 | test 0.013477
Epoch 4850 | recon 0.010357 | sindy 0.170899 (w=0.1000) | active terms: 12 | test 0.013393
Epoch 4900 | recon 0.009985 | sindy 0.169954 (w=0.1000) | active terms: 12 | test 0.012789
Epoch 4950 | recon 0.010408 | sindy 0.168494 (w=0.1000) | active terms: 12 | test 0.013312
Epoch 4999 | recon 0.010407 | sindy 0.170073 (w=0.1000) | active terms: 12 | test 0.014212

Refit phase: freezing encoder, extracting latent trajectories...
  Pre-refit active terms: 12
  Latent trajectory: 1001 points, calling fit() for 3000 epochs
Epoch    0 | deriv 0.027881 | active terms: 12
Epoch   50 | deriv 0.026610 | active terms: 12
Epoch  100 | deriv 0.026520 | active terms: 12
Epoch  150 | deriv 0.026449 | active terms: 12
Epoch  200 | deriv 0.026372 | active terms: 12
Epoch  250 | deriv 0.026293 | active terms: 12
Epoch  300 | deriv 0.026213 | active terms: 12
Epoch  350 | deriv 0.026134 | active terms: 12
Epoch  400 | deriv 0.026057 | active terms: 12
Epoch  450 | deriv 0.025984 | active terms: 12
Epoch  500 | deriv 0.025914 | active terms: 12
Epoch  550 | deriv 0.025848 | active terms: 12
Epoch  600 | deriv 0.025784 | active terms: 12
Epoch  650 | deriv 0.025723 | active terms: 12
Epoch  700 | deriv 0.025664 | active terms: 12
Epoch  750 | deriv 0.025607 | active terms: 12
Epoch  800 | deriv 0.025550 | active terms: 12
Epoch  850 | deriv 0.025495 | active terms: 12
Epoch  900 | deriv 0.025439 | active terms: 12
Epoch  950 | deriv 0.025383 | active terms: 12
Epoch 1000 | deriv 0.025327 | active terms: 12
Epoch 1050 | deriv 0.025270 | active terms: 12
Epoch 1100 | deriv 0.025212 | active terms: 12
Epoch 1150 | deriv 0.025152 | active terms: 12
Epoch 1200 | deriv 0.025091 | active terms: 12
Epoch 1250 | deriv 0.025029 | active terms: 12
Epoch 1300 | deriv 0.024965 | active terms: 12
Epoch 1350 | deriv 0.024940 | active terms: 12
Epoch 1400 | deriv 0.024834 | active terms: 12
Epoch 1450 | deriv 0.024765 | active terms: 12
Epoch 1500 | deriv 0.024695 | active terms: 12
Epoch 1550 | deriv 0.024636 | active terms: 12
Epoch 1600 | deriv 0.024572 | active terms: 12
Epoch 1650 | deriv 0.024490 | active terms: 12
Epoch 1700 | deriv 0.024412 | active terms: 12
Epoch 1750 | deriv 0.024343 | active terms: 12
Epoch 1800 | deriv 0.024277 | active terms: 12
Epoch 1850 | deriv 0.024239 | active terms: 12
Epoch 1900 | deriv 0.024134 | active terms: 12
Epoch 1950 | deriv 0.024159 | active terms: 12
Epoch 2000 | deriv 0.023998 | active terms: 12
Epoch 2050 | deriv 0.023942 | active terms: 12
Epoch 2100 | deriv 0.023877 | active terms: 12
Epoch 2150 | deriv 0.023812 | active terms: 12
Epoch 2200 | deriv 0.023741 | active terms: 12
Epoch 2250 | deriv 0.023681 | active terms: 12
Epoch 2300 | deriv 0.023630 | active terms: 12
Epoch 2350 | deriv 0.023555 | active terms: 12
Epoch 2400 | deriv 0.023507 | active terms: 12
Epoch 2450 | deriv 0.023422 | active terms: 12
Epoch 2500 | deriv 0.023367 | active terms: 12
Epoch 2550 | deriv 0.023301 | active terms: 12
Epoch 2600 | deriv 0.023259 | active terms: 12
Epoch 2650 | deriv 0.023171 | active terms: 12
Epoch 2700 | deriv 0.023146 | active terms: 12
Epoch 2750 | deriv 0.023073 | active terms: 12
Epoch 2800 | deriv 0.023050 | active terms: 12
Epoch 2850 | deriv 0.022933 | active terms: 12
Epoch 2900 | deriv 0.022895 | active terms: 12
Epoch 2950 | deriv 0.022850 | active terms: 12
Epoch 2999 | deriv 0.022786 | active terms: 12

Refit phase: 600 epochs, lr=1.0e-02, l2=0, mask frozen (12 active terms)
Refit    0 | deriv 0.022782
Refit   50 | deriv 0.022750
Refit  100 | deriv 0.022740
Refit  150 | deriv 0.022728
Refit  200 | deriv 0.022715
Refit  250 | deriv 0.022699
Refit  300 | deriv 0.022681
Refit  350 | deriv 0.022662
Refit  400 | deriv 0.022641
Refit  450 | deriv 0.022619
Refit  500 | deriv 0.022595
Refit  550 | deriv 0.022570
Refit  599 | deriv 0.022544

============================================================
RESULT [warm1k]
  Recon: 4.38%  |  Forecast: 351.69%
  Active terms: 12  |  Time: 112s
  dz1/dt = 8.177 + 16.120*z1 - 10.287*z2 + 18.088*z3
  dz2/dt = 3.682 + 18.321*z1 - 16.699*z2 + 9.927*z3
  dz3/dt = 2.008 - 20.324*z1 + 24.374*z2 + 0.851*z3
============================================================

  (saved to sst_hpo_results.json)


######################################################################
Config [7/14]: warm3k
  sindy_weight=0.1, l1=0, warmup=3000, epochs=5000, refit=3000, prune=0.0, dynamics_lr=0.05
######################################################################

Epoch    0 | recon 0.212974 | active terms: 12 | test 0.235183
Epoch   50 | recon 0.020714 | sindy 10.782530 (w=0.0001) | active terms: 12 | test 0.022376
Epoch  100 | recon 0.018040 | sindy 12.633008 (w=0.0001) | active terms: 12 | test 0.020306
Epoch  150 | recon 0.015260 | sindy 12.720112 (w=0.0002) | active terms: 12 | test 0.018359
Epoch  200 | recon 0.013957 | sindy 12.086080 (w=0.0003) | active terms: 12 | test 0.017485
Epoch  250 | recon 0.013484 | sindy 12.328778 (w=0.0004) | active terms: 12 | test 0.016474
Epoch  300 | recon 0.013168 | sindy 10.759574 (w=0.0004) | active terms: 12 | test 0.016441
Epoch  350 | recon 0.011542 | sindy 8.906475 (w=0.0005) | active terms: 12 | test 0.015159
Epoch  400 | recon 0.012763 | sindy 7.751650 (w=0.0006) | active terms: 12 | test 0.014181
Epoch  450 | recon 0.010345 | sindy 7.208651 (w=0.0008) | active terms: 12 | test 0.013562
Epoch  500 | recon 0.010161 | sindy 6.534596 (w=0.0009) | active terms: 12 | test 0.013552
Epoch  550 | recon 0.010773 | sindy 6.669183 (w=0.0010) | active terms: 12 | test 0.013150
Epoch  600 | recon 0.009630 | sindy 6.217844 (w=0.0012) | active terms: 12 | test 0.013096
Epoch  650 | recon 0.010280 | sindy 5.508393 (w=0.0013) | active terms: 12 | test 0.013021
Epoch  700 | recon 0.009745 | sindy 5.502970 (w=0.0015) | active terms: 12 | test 0.012648
Epoch  750 | recon 0.010123 | sindy 4.956038 (w=0.0017) | active terms: 12 | test 0.013240
Epoch  800 | recon 0.009610 | sindy 4.609046 (w=0.0019) | active terms: 12 | test 0.013050
Epoch  850 | recon 0.009446 | sindy 4.560983 (w=0.0021) | active terms: 12 | test 0.012725
Epoch  900 | recon 0.009655 | sindy 4.219595 (w=0.0024) | active terms: 12 | test 0.013251
Epoch  950 | recon 0.009408 | sindy 4.019372 (w=0.0026) | active terms: 12 | test 0.012902
Epoch 1000 | recon 0.009960 | sindy 3.649252 (w=0.0029) | active terms: 12 | test 0.012834
Epoch 1050 | recon 0.009566 | sindy 3.386879 (w=0.0032) | active terms: 12 | test 0.012606
Epoch 1100 | recon 0.009163 | sindy 3.779411 (w=0.0036) | active terms: 12 | test 0.013098
Epoch 1150 | recon 0.009990 | sindy 3.174611 (w=0.0039) | active terms: 12 | test 0.012964
Epoch 1200 | recon 0.008974 | sindy 2.985015 (w=0.0043) | active terms: 12 | test 0.013810
Epoch 1250 | recon 0.010390 | sindy 3.146602 (w=0.0048) | active terms: 12 | test 0.013550
Epoch 1300 | recon 0.010419 | sindy 3.247345 (w=0.0052) | active terms: 12 | test 0.013655
Epoch 1350 | recon 0.011489 | sindy 4.294356 (w=0.0058) | active terms: 12 | test 0.014611
Epoch 1400 | recon 0.010276 | sindy 5.209337 (w=0.0063) | active terms: 12 | test 0.016309
Epoch 1450 | recon 0.011693 | sindy 6.856490 (w=0.0069) | active terms: 12 | test 0.019178
Epoch 1500 | recon 0.013869 | sindy 8.165226 (w=0.0076) | active terms: 12 | test 0.021069
Epoch 1550 | recon 0.014061 | sindy 9.587896 (w=0.0083) | active terms: 12 | test 0.021643
Epoch 1600 | recon 0.013758 | sindy 10.332611 (w=0.0091) | active terms: 12 | test 0.023569
Epoch 1650 | recon 0.017788 | sindy 9.872009 (w=0.0099) | active terms: 12 | test 0.030061
Epoch 1700 | recon 0.013883 | sindy 10.269217 (w=0.0109) | active terms: 12 | test 0.023764
Epoch 1750 | recon 0.017480 | sindy 10.795700 (w=0.0119) | active terms: 12 | test 0.026045
Epoch 1800 | recon 0.021297 | sindy 6.924846 (w=0.0129) | active terms: 12 | test 0.019002
Epoch 1850 | recon 0.016154 | sindy 13.989889 (w=0.0141) | active terms: 12 | test 0.017352
Epoch 1900 | recon 0.022864 | sindy 102.791428 (w=0.0154) | active terms: 12 | test 0.023967
Epoch 1950 | recon 0.024592 | sindy 101.885414 (w=0.0168) | active terms: 12 | test 0.026759
Epoch 2000 | recon 0.029547 | sindy 76.883263 (w=0.0183) | active terms: 12 | test 0.023399
Epoch 2050 | recon 0.019588 | sindy 58.891048 (w=0.0200) | active terms: 12 | test 0.023414
Epoch 2100 | recon 0.019738 | sindy 33.424423 (w=0.0218) | active terms: 12 | test 0.026801
Epoch 2150 | recon 0.020565 | sindy 24.457529 (w=0.0237) | active terms: 12 | test 0.025648
Epoch 2200 | recon 0.015696 | sindy 20.050997 (w=0.0259) | active terms: 12 | test 0.022105
Epoch 2250 | recon 0.015735 | sindy 21.535194 (w=0.0282) | active terms: 12 | test 0.020699
Epoch 2300 | recon 0.016323 | sindy 20.809963 (w=0.0307) | active terms: 12 | test 0.021203
Epoch 2350 | recon 0.017367 | sindy 19.052856 (w=0.0334) | active terms: 12 | test 0.021539
Epoch 2400 | recon 0.018604 | sindy 19.791742 (w=0.0364) | active terms: 12 | test 0.022915
Epoch 2450 | recon 0.022460 | sindy 20.105661 (w=0.0396) | active terms: 12 | test 0.023508
Epoch 2500 | recon 0.023437 | sindy 21.547691 (w=0.0431) | active terms: 12 | test 0.027046
Epoch 2550 | recon 0.046323 | sindy 5.892488 (w=0.0469) | active terms: 12 | test 0.051831
Epoch 2600 | recon 0.048104 | sindy 4.698841 (w=0.0510) | active terms: 12 | test 0.051519
Epoch 2650 | recon 0.052457 | sindy 5.396276 (w=0.0555) | active terms: 12 | test 0.050924
Epoch 2700 | recon 0.040643 | sindy 6.013810 (w=0.0604) | active terms: 12 | test 0.051134
Epoch 2750 | recon 0.050934 | sindy 5.822487 (w=0.0657) | active terms: 12 | test 0.050773
Epoch 2800 | recon 0.040641 | sindy 6.003999 (w=0.0715) | active terms: 12 | test 0.050317
Epoch 2850 | recon 0.044378 | sindy 5.249129 (w=0.0777) | active terms: 12 | test 0.049735
Epoch 2900 | recon 0.043120 | sindy 4.721000 (w=0.0845) | active terms: 12 | test 0.050059
Epoch 2950 | recon 0.044909 | sindy 4.178728 (w=0.0920) | active terms: 12 | test 0.048781
--- Epoch 3000: E_sindy ramp complete (weight=0.1000) ---
Epoch 3000 | recon 0.039401 | sindy 3.815400 (w=0.1000) | active terms: 12 | test 0.048621
Epoch 3050 | recon 0.036617 | sindy 3.179347 (w=0.1000) | active terms: 12 | test 0.048545
Epoch 3100 | recon 0.040240 | sindy 3.055644 (w=0.1000) | active terms: 12 | test 0.048011
Epoch 3150 | recon 0.038660 | sindy 2.925044 (w=0.1000) | active terms: 12 | test 0.047765
Epoch 3200 | recon 0.042023 | sindy 2.615020 (w=0.1000) | active terms: 12 | test 0.046036
Epoch 3250 | recon 0.033519 | sindy 2.205056 (w=0.1000) | active terms: 12 | test 0.046089
Epoch 3300 | recon 0.038091 | sindy 2.212856 (w=0.1000) | active terms: 12 | test 0.048313
Epoch 3350 | recon 0.036526 | sindy 1.625241 (w=0.1000) | active terms: 12 | test 0.045283
Epoch 3400 | recon 0.030220 | sindy 1.625166 (w=0.1000) | active terms: 12 | test 0.044559
Epoch 3450 | recon 0.037459 | sindy 1.627491 (w=0.1000) | active terms: 12 | test 0.043640
Epoch 3500 | recon 0.026046 | sindy 1.588779 (w=0.1000) | active terms: 12 | test 0.042901
Epoch 3550 | recon 0.034910 | sindy 1.382259 (w=0.1000) | active terms: 12 | test 0.042332
Epoch 3600 | recon 0.027998 | sindy 1.238011 (w=0.1000) | active terms: 12 | test 0.041119
Epoch 3650 | recon 0.027647 | sindy 1.264218 (w=0.1000) | active terms: 12 | test 0.038611
Epoch 3700 | recon 0.029347 | sindy 1.201871 (w=0.1000) | active terms: 12 | test 0.038950
Epoch 3750 | recon 0.019253 | sindy 1.192064 (w=0.1000) | active terms: 12 | test 0.037089
Epoch 3800 | recon 0.024993 | sindy 1.091195 (w=0.1000) | active terms: 12 | test 0.037475
Epoch 3850 | recon 0.028030 | sindy 0.822330 (w=0.1000) | active terms: 12 | test 0.036216
Epoch 3900 | recon 0.020362 | sindy 0.810948 (w=0.1000) | active terms: 12 | test 0.034531
Epoch 3950 | recon 0.019686 | sindy 0.689805 (w=0.1000) | active terms: 12 | test 0.033893
Epoch 4000 | recon 0.020290 | sindy 0.665933 (w=0.1000) | active terms: 12 | test 0.032790
Epoch 4050 | recon 0.019657 | sindy 0.696481 (w=0.1000) | active terms: 12 | test 0.031672
Epoch 4100 | recon 0.021650 | sindy 0.643460 (w=0.1000) | active terms: 12 | test 0.031424
Epoch 4150 | recon 0.021861 | sindy 0.560116 (w=0.1000) | active terms: 12 | test 0.029799
Epoch 4200 | recon 0.018701 | sindy 0.562267 (w=0.1000) | active terms: 12 | test 0.030131
Epoch 4250 | recon 0.019474 | sindy 0.495008 (w=0.1000) | active terms: 12 | test 0.028629
Epoch 4300 | recon 0.019632 | sindy 0.450003 (w=0.1000) | active terms: 12 | test 0.028224
Epoch 4350 | recon 0.019335 | sindy 0.481138 (w=0.1000) | active terms: 12 | test 0.027580
Epoch 4400 | recon 0.017909 | sindy 0.419339 (w=0.1000) | active terms: 12 | test 0.027883
Epoch 4450 | recon 0.016613 | sindy 0.388977 (w=0.1000) | active terms: 12 | test 0.027708
Epoch 4500 | recon 0.017008 | sindy 0.343845 (w=0.1000) | active terms: 12 | test 0.025903
Epoch 4550 | recon 0.018707 | sindy 0.339364 (w=0.1000) | active terms: 12 | test 0.025562
Epoch 4600 | recon 0.017914 | sindy 0.300112 (w=0.1000) | active terms: 12 | test 0.025189
Epoch 4650 | recon 0.020442 | sindy 0.278576 (w=0.1000) | active terms: 12 | test 0.024824
Epoch 4700 | recon 0.016222 | sindy 0.275224 (w=0.1000) | active terms: 12 | test 0.024348
Epoch 4750 | recon 0.017646 | sindy 0.252027 (w=0.1000) | active terms: 12 | test 0.024667
Epoch 4800 | recon 0.015434 | sindy 0.248900 (w=0.1000) | active terms: 12 | test 0.023211
Epoch 4850 | recon 0.017120 | sindy 0.217948 (w=0.1000) | active terms: 12 | test 0.023086
Epoch 4900 | recon 0.016793 | sindy 0.220045 (w=0.1000) | active terms: 12 | test 0.023800
Epoch 4950 | recon 0.017137 | sindy 0.212601 (w=0.1000) | active terms: 12 | test 0.022965
Epoch 4999 | recon 0.016812 | sindy 0.194616 (w=0.1000) | active terms: 12 | test 0.022746

Refit phase: freezing encoder, extracting latent trajectories...
  Pre-refit active terms: 12
  Latent trajectory: 1001 points, calling fit() for 3000 epochs
Epoch    0 | deriv 0.087985 | active terms: 12
Epoch   50 | deriv 0.087272 | active terms: 12
Epoch  100 | deriv 0.086759 | active terms: 12
Epoch  150 | deriv 0.086144 | active terms: 12
Epoch  200 | deriv 0.085451 | active terms: 12
Epoch  250 | deriv 0.084708 | active terms: 12
Epoch  300 | deriv 0.083936 | active terms: 12
Epoch  350 | deriv 0.083156 | active terms: 12
Epoch  400 | deriv 0.082380 | active terms: 12
Epoch  450 | deriv 0.081621 | active terms: 12
Epoch  500 | deriv 0.080889 | active terms: 12
Epoch  550 | deriv 0.080191 | active terms: 12
Epoch  600 | deriv 0.079532 | active terms: 12
Epoch  650 | deriv 0.078916 | active terms: 12
Epoch  700 | deriv 0.078346 | active terms: 12
Epoch  750 | deriv 0.077822 | active terms: 12
Epoch  800 | deriv 0.077345 | active terms: 12
Epoch  850 | deriv 0.076913 | active terms: 12
Epoch  900 | deriv 0.076526 | active terms: 12
Epoch  950 | deriv 0.076180 | active terms: 12
Epoch 1000 | deriv 0.075874 | active terms: 12
Epoch 1050 | deriv 0.075605 | active terms: 12
Epoch 1100 | deriv 0.075369 | active terms: 12
Epoch 1150 | deriv 0.075165 | active terms: 12
Epoch 1200 | deriv 0.074988 | active terms: 12
Epoch 1250 | deriv 0.074835 | active terms: 12
Epoch 1300 | deriv 0.074705 | active terms: 12
Epoch 1350 | deriv 0.074594 | active terms: 12
Epoch 1400 | deriv 0.074503 | active terms: 12
Epoch 1450 | deriv 0.074422 | active terms: 12
Epoch 1500 | deriv 0.074354 | active terms: 12
Epoch 1550 | deriv 0.074298 | active terms: 12
Epoch 1600 | deriv 0.074257 | active terms: 12
Epoch 1650 | deriv 0.074220 | active terms: 12
Epoch 1700 | deriv 0.074181 | active terms: 12
Epoch 1750 | deriv 0.074154 | active terms: 12
Epoch 1800 | deriv 0.074139 | active terms: 12
Epoch 1850 | deriv 0.074130 | active terms: 12
Epoch 1900 | deriv 0.074123 | active terms: 12
Epoch 1950 | deriv 0.074092 | active terms: 12
Epoch 2000 | deriv 0.074079 | active terms: 12
Epoch 2050 | deriv 0.074091 | active terms: 12
Epoch 2100 | deriv 0.074074 | active terms: 12
Epoch 2150 | deriv 0.074058 | active terms: 12
Epoch 2200 | deriv 0.074057 | active terms: 12
Epoch 2250 | deriv 0.074057 | active terms: 12
Epoch 2300 | deriv 0.074056 | active terms: 12
Epoch 2350 | deriv 0.074048 | active terms: 12
Epoch 2400 | deriv 0.074050 | active terms: 12
Epoch 2450 | deriv 0.074045 | active terms: 12
Epoch 2500 | deriv 0.074056 | active terms: 12
Epoch 2550 | deriv 0.074050 | active terms: 12
Epoch 2600 | deriv 0.074043 | active terms: 12
Epoch 2650 | deriv 0.074037 | active terms: 12
Epoch 2700 | deriv 0.074039 | active terms: 12
Epoch 2750 | deriv 0.074040 | active terms: 12
Epoch 2800 | deriv 0.074052 | active terms: 12
Epoch 2850 | deriv 0.074044 | active terms: 12
Epoch 2900 | deriv 0.074038 | active terms: 12
Epoch 2950 | deriv 0.074047 | active terms: 12
Epoch 2999 | deriv 0.074034 | active terms: 12

Refit phase: 600 epochs, lr=1.0e-02, l2=0, mask frozen (12 active terms)
Refit    0 | deriv 0.074034
Refit   50 | deriv 0.074031
Refit  100 | deriv 0.074030
Refit  150 | deriv 0.074030
Refit  200 | deriv 0.074030
Refit  250 | deriv 0.074030
Refit  300 | deriv 0.074030
Refit  350 | deriv 0.074030
Refit  400 | deriv 0.074030
Refit  450 | deriv 0.074030
Refit  500 | deriv 0.074030
Refit  550 | deriv 0.074030
Refit  599 | deriv 0.074030

============================================================
RESULT [warm3k]
  Recon: 6.69%  |  Forecast: DIVERGED
  Active terms: 12  |  Time: 112s
  dz1/dt = -1.029 + 22.297*z1 - 62.649*z2 + 2.396*z3
  dz2/dt = -8.075 + 30.968*z1 + 1.468*z2 + 33.732*z3
  dz3/dt = 5.648 - 19.791*z1 - 7.294*z2 - 23.712*z3
============================================================

  (saved to sst_hpo_results.json)


######################################################################
Config [8/14]: l1_1e-4
  sindy_weight=0.1, l1=0.0001, warmup=2500, epochs=5000, refit=3000, prune=0.0, dynamics_lr=0.05
######################################################################

Epoch    0 | recon 0.212974 | active terms: 12 | test 0.235183
Epoch   50 | recon 0.020714 | sindy 10.782118 (w=0.0001) | active terms: 12 | test 0.022377
Epoch  100 | recon 0.018044 | sindy 12.628702 (w=0.0002) | active terms: 12 | test 0.020300
Epoch  150 | recon 0.015261 | sindy 12.706227 (w=0.0002) | active terms: 12 | test 0.018328
Epoch  200 | recon 0.013964 | sindy 12.043324 (w=0.0003) | active terms: 12 | test 0.017481
Epoch  250 | recon 0.013471 | sindy 12.138821 (w=0.0004) | active terms: 12 | test 0.016451
Epoch  300 | recon 0.012968 | sindy 10.342880 (w=0.0006) | active terms: 12 | test 0.016242
Epoch  350 | recon 0.011458 | sindy 8.369629 (w=0.0007) | active terms: 12 | test 0.014980
Epoch  400 | recon 0.012762 | sindy 7.301384 (w=0.0008) | active terms: 12 | test 0.013999
Epoch  450 | recon 0.010333 | sindy 6.798983 (w=0.0010) | active terms: 12 | test 0.013544
Epoch  500 | recon 0.010122 | sindy 6.223657 (w=0.0012) | active terms: 12 | test 0.013536
Epoch  550 | recon 0.010806 | sindy 6.291777 (w=0.0014) | active terms: 12 | test 0.013212
Epoch  600 | recon 0.009761 | sindy 5.944442 (w=0.0016) | active terms: 12 | test 0.013110
Epoch  650 | recon 0.010210 | sindy 5.259036 (w=0.0018) | active terms: 12 | test 0.013064
Epoch  700 | recon 0.009812 | sindy 5.286242 (w=0.0021) | active terms: 12 | test 0.012717
Epoch  750 | recon 0.010118 | sindy 4.772455 (w=0.0024) | active terms: 12 | test 0.013481
Epoch  800 | recon 0.009618 | sindy 4.453058 (w=0.0027) | active terms: 12 | test 0.013102
Epoch  850 | recon 0.009452 | sindy 4.287487 (w=0.0030) | active terms: 12 | test 0.012764
Epoch  900 | recon 0.009617 | sindy 3.994727 (w=0.0034) | active terms: 12 | test 0.013391
Epoch  950 | recon 0.009454 | sindy 3.748835 (w=0.0039) | active terms: 12 | test 0.012892
Epoch 1000 | recon 0.010035 | sindy 3.419610 (w=0.0043) | active terms: 12 | test 0.012777
Epoch 1050 | recon 0.009801 | sindy 3.296382 (w=0.0049) | active terms: 12 | test 0.012922
Epoch 1100 | recon 0.009895 | sindy 3.491195 (w=0.0054) | active terms: 12 | test 0.014101
Epoch 1150 | recon 0.010841 | sindy 3.392770 (w=0.0061) | active terms: 12 | test 0.014343
Epoch 1200 | recon 0.009754 | sindy 3.944638 (w=0.0068) | active terms: 12 | test 0.015728
Epoch 1250 | recon 0.011516 | sindy 4.908940 (w=0.0076) | active terms: 12 | test 0.015501
Epoch 1300 | recon 0.012383 | sindy 5.882469 (w=0.0085) | active terms: 12 | test 0.020174
Epoch 1350 | recon 0.014393 | sindy 8.201653 (w=0.0094) | active terms: 12 | test 0.021564
Epoch 1400 | recon 0.015909 | sindy 9.955412 (w=0.0105) | active terms: 12 | test 0.024968
Epoch 1450 | recon 0.016058 | sindy 10.320071 (w=0.0117) | active terms: 12 | test 0.023295
Epoch 1500 | recon 0.013104 | sindy 26.080572 (w=0.0129) | active terms: 12 | test 0.017180
Epoch 1550 | recon 0.014902 | sindy 69.172440 (w=0.0144) | active terms: 12 | test 0.016583
Epoch 1600 | recon 0.016593 | sindy 55.815678 (w=0.0160) | active terms: 12 | test 0.018843
Epoch 1650 | recon 0.014678 | sindy 36.862942 (w=0.0177) | active terms: 12 | test 0.018590
Epoch 1700 | recon 0.013619 | sindy 28.243525 (w=0.0196) | active terms: 12 | test 0.018400
Epoch 1750 | recon 0.012916 | sindy 26.297838 (w=0.0218) | active terms: 12 | test 0.018394
Epoch 1800 | recon 0.015121 | sindy 23.312080 (w=0.0241) | active terms: 12 | test 0.020757
Epoch 1850 | recon 0.015738 | sindy 21.641411 (w=0.0268) | active terms: 12 | test 0.021641
Epoch 1900 | recon 0.021511 | sindy 20.135338 (w=0.0296) | active terms: 12 | test 0.022440
Epoch 1950 | recon 0.015249 | sindy 18.088102 (w=0.0328) | active terms: 12 | test 0.022024
Epoch 2000 | recon 0.016080 | sindy 18.487207 (w=0.0364) | active terms: 12 | test 0.020354
Epoch 2050 | recon 0.024121 | sindy 20.786493 (w=0.0403) | active terms: 12 | test 0.024225
Epoch 2100 | recon 0.017278 | sindy 18.857330 (w=0.0446) | active terms: 12 | test 0.019682
Epoch 2150 | recon 0.044571 | sindy 4.278645 (w=0.0493) | active terms: 12 | test 0.048661
Epoch 2200 | recon 0.035419 | sindy 2.585256 (w=0.0546) | active terms: 12 | test 0.038557
Epoch 2250 | recon 0.021695 | sindy 2.305892 (w=0.0604) | active terms: 12 | test 0.025414
Epoch 2300 | recon 0.024401 | sindy 2.052416 (w=0.0668) | active terms: 12 | test 0.021913
Epoch 2350 | recon 0.020376 | sindy 1.704596 (w=0.0739) | active terms: 12 | test 0.028496
Epoch 2400 | recon 0.020969 | sindy 1.558521 (w=0.0818) | active terms: 12 | test 0.030468
Epoch 2450 | recon 0.022668 | sindy 1.481421 (w=0.0904) | active terms: 12 | test 0.026876
--- Epoch 2500: E_sindy ramp complete (weight=0.1000) ---
Epoch 2500 | recon 0.017048 | sindy 1.587745 (w=0.1000) | active terms: 12 | test 0.024808
Epoch 2550 | recon 0.019514 | sindy 1.414015 (w=0.1000) | active terms: 12 | test 0.022549
Epoch 2600 | recon 0.015852 | sindy 1.279362 (w=0.1000) | active terms: 12 | test 0.023486
Epoch 2650 | recon 0.016769 | sindy 1.253883 (w=0.1000) | active terms: 12 | test 0.024369
Epoch 2700 | recon 0.018314 | sindy 1.238700 (w=0.1000) | active terms: 12 | test 0.020261
Epoch 2750 | recon 0.017615 | sindy 1.084065 (w=0.1000) | active terms: 12 | test 0.018658
Epoch 2800 | recon 0.017380 | sindy 1.297485 (w=0.1000) | active terms: 12 | test 0.022427
Epoch 2850 | recon 0.019202 | sindy 1.015978 (w=0.1000) | active terms: 12 | test 0.018618
Epoch 2900 | recon 0.016803 | sindy 1.098833 (w=0.1000) | active terms: 12 | test 0.018763
Epoch 2950 | recon 0.017912 | sindy 1.093472 (w=0.1000) | active terms: 12 | test 0.018028
Epoch 3000 | recon 0.016444 | sindy 0.910340 (w=0.1000) | active terms: 12 | test 0.019419
Epoch 3050 | recon 0.015476 | sindy 0.848844 (w=0.1000) | active terms: 12 | test 0.018948
Epoch 3100 | recon 0.016506 | sindy 1.021580 (w=0.1000) | active terms: 12 | test 0.019345
Epoch 3150 | recon 0.016602 | sindy 0.936831 (w=0.1000) | active terms: 12 | test 0.019159
Epoch 3200 | recon 0.016866 | sindy 0.858079 (w=0.1000) | active terms: 12 | test 0.018134
Epoch 3250 | recon 0.014680 | sindy 0.814551 (w=0.1000) | active terms: 12 | test 0.018595
Epoch 3300 | recon 0.016435 | sindy 0.809199 (w=0.1000) | active terms: 12 | test 0.018063
Epoch 3350 | recon 0.014999 | sindy 0.717838 (w=0.1000) | active terms: 12 | test 0.017809
Epoch 3400 | recon 0.014814 | sindy 0.655230 (w=0.1000) | active terms: 12 | test 0.018444
Epoch 3450 | recon 0.014038 | sindy 0.696299 (w=0.1000) | active terms: 12 | test 0.016987
Epoch 3500 | recon 0.015757 | sindy 0.604333 (w=0.1000) | active terms: 12 | test 0.017941
Epoch 3550 | recon 0.016410 | sindy 0.690962 (w=0.1000) | active terms: 12 | test 0.020173
Epoch 3600 | recon 0.014033 | sindy 0.599904 (w=0.1000) | active terms: 12 | test 0.018042
Epoch 3650 | recon 0.014873 | sindy 0.568495 (w=0.1000) | active terms: 12 | test 0.018404
Epoch 3700 | recon 0.014714 | sindy 0.599681 (w=0.1000) | active terms: 12 | test 0.017418
Epoch 3750 | recon 0.013953 | sindy 0.571374 (w=0.1000) | active terms: 12 | test 0.016771
Epoch 3800 | recon 0.015573 | sindy 0.507428 (w=0.1000) | active terms: 12 | test 0.017520
Epoch 3850 | recon 0.013761 | sindy 0.527940 (w=0.1000) | active terms: 12 | test 0.016563
Epoch 3900 | recon 0.016081 | sindy 0.500122 (w=0.1000) | active terms: 12 | test 0.015925
Epoch 3950 | recon 0.015549 | sindy 0.491097 (w=0.1000) | active terms: 12 | test 0.016299
Epoch 4000 | recon 0.014290 | sindy 0.438348 (w=0.1000) | active terms: 12 | test 0.017051
Epoch 4050 | recon 0.014435 | sindy 0.437537 (w=0.1000) | active terms: 12 | test 0.016497
Epoch 4100 | recon 0.012467 | sindy 0.480290 (w=0.1000) | active terms: 12 | test 0.017857
Epoch 4150 | recon 0.012800 | sindy 0.421939 (w=0.1000) | active terms: 12 | test 0.016867
Epoch 4200 | recon 0.014564 | sindy 0.427827 (w=0.1000) | active terms: 12 | test 0.015370
Epoch 4250 | recon 0.014909 | sindy 0.417238 (w=0.1000) | active terms: 12 | test 0.016214
Epoch 4300 | recon 0.012607 | sindy 0.357572 (w=0.1000) | active terms: 12 | test 0.015893
Epoch 4350 | recon 0.013329 | sindy 0.377063 (w=0.1000) | active terms: 12 | test 0.015816
Epoch 4400 | recon 0.012490 | sindy 0.375413 (w=0.1000) | active terms: 12 | test 0.017127
Epoch 4450 | recon 0.012895 | sindy 0.393539 (w=0.1000) | active terms: 12 | test 0.014675
Epoch 4500 | recon 0.012467 | sindy 0.329806 (w=0.1000) | active terms: 12 | test 0.015112
Epoch 4550 | recon 0.011571 | sindy 0.350221 (w=0.1000) | active terms: 12 | test 0.016571
Epoch 4600 | recon 0.011708 | sindy 0.330278 (w=0.1000) | active terms: 12 | test 0.014951
Epoch 4650 | recon 0.013287 | sindy 0.353780 (w=0.1000) | active terms: 12 | test 0.015328
Epoch 4700 | recon 0.012641 | sindy 0.328549 (w=0.1000) | active terms: 12 | test 0.014448
Epoch 4750 | recon 0.012675 | sindy 0.352776 (w=0.1000) | active terms: 12 | test 0.014967
Epoch 4800 | recon 0.010898 | sindy 0.326237 (w=0.1000) | active terms: 12 | test 0.015627
Epoch 4850 | recon 0.011657 | sindy 0.306067 (w=0.1000) | active terms: 12 | test 0.014341
Epoch 4900 | recon 0.010493 | sindy 0.305448 (w=0.1000) | active terms: 12 | test 0.014137
Epoch 4950 | recon 0.012040 | sindy 0.309987 (w=0.1000) | active terms: 12 | test 0.015284
Epoch 4999 | recon 0.010858 | sindy 0.329026 (w=0.1000) | active terms: 12 | test 0.014134

Refit phase: freezing encoder, extracting latent trajectories...
  Pre-refit active terms: 12
  Latent trajectory: 1001 points, calling fit() for 3000 epochs
Epoch    0 | deriv 0.148847 | active terms: 12
Epoch   50 | deriv 0.146879 | active terms: 12
Epoch  100 | deriv 0.144159 | active terms: 12
Epoch  150 | deriv 0.141058 | active terms: 12
Epoch  200 | deriv 0.137769 | active terms: 12
Epoch  250 | deriv 0.134393 | active terms: 12
Epoch  300 | deriv 0.130989 | active terms: 12
Epoch  350 | deriv 0.127600 | active terms: 12
Epoch  400 | deriv 0.124272 | active terms: 12
Epoch  450 | deriv 0.121002 | active terms: 12
Epoch  500 | deriv 0.117807 | active terms: 12
Epoch  550 | deriv 0.114700 | active terms: 12
Epoch  600 | deriv 0.111692 | active terms: 12
Epoch  650 | deriv 0.108791 | active terms: 12
Epoch  700 | deriv 0.106004 | active terms: 12
Epoch  750 | deriv 0.103334 | active terms: 12
Epoch  800 | deriv 0.100784 | active terms: 12
Epoch  850 | deriv 0.098356 | active terms: 12
Epoch  900 | deriv 0.096050 | active terms: 12
Epoch  950 | deriv 0.093866 | active terms: 12
Epoch 1000 | deriv 0.091860 | active terms: 12
Epoch 1050 | deriv 0.090014 | active terms: 12
Epoch 1100 | deriv 0.088274 | active terms: 12
Epoch 1150 | deriv 0.086646 | active terms: 12
Epoch 1200 | deriv 0.085144 | active terms: 12
Epoch 1250 | deriv 0.083754 | active terms: 12
Epoch 1300 | deriv 0.082469 | active terms: 12
Epoch 1350 | deriv 0.081273 | active terms: 12
Epoch 1400 | deriv 0.080173 | active terms: 12
Epoch 1450 | deriv 0.079151 | active terms: 12
Epoch 1500 | deriv 0.078218 | active terms: 12
Epoch 1550 | deriv 0.077351 | active terms: 12
Epoch 1600 | deriv 0.076579 | active terms: 12
Epoch 1650 | deriv 0.075837 | active terms: 12
Epoch 1700 | deriv 0.075175 | active terms: 12
Epoch 1750 | deriv 0.074574 | active terms: 12
Epoch 1800 | deriv 0.074010 | active terms: 12
Epoch 1850 | deriv 0.073510 | active terms: 12
Epoch 1900 | deriv 0.073042 | active terms: 12
Epoch 1950 | deriv 0.072619 | active terms: 12
Epoch 2000 | deriv 0.072239 | active terms: 12
Epoch 2050 | deriv 0.071916 | active terms: 12
Epoch 2100 | deriv 0.071577 | active terms: 12
Epoch 2150 | deriv 0.071289 | active terms: 12
Epoch 2200 | deriv 0.071051 | active terms: 12
Epoch 2250 | deriv 0.070805 | active terms: 12
Epoch 2300 | deriv 0.070588 | active terms: 12
Epoch 2350 | deriv 0.070385 | active terms: 12
Epoch 2400 | deriv 0.070212 | active terms: 12
Epoch 2450 | deriv 0.070059 | active terms: 12
Epoch 2500 | deriv 0.069907 | active terms: 12
Epoch 2550 | deriv 0.069780 | active terms: 12
Epoch 2600 | deriv 0.069663 | active terms: 12
Epoch 2650 | deriv 0.069566 | active terms: 12
Epoch 2700 | deriv 0.069459 | active terms: 12
Epoch 2750 | deriv 0.069358 | active terms: 12
Epoch 2800 | deriv 0.069274 | active terms: 12
Epoch 2850 | deriv 0.069203 | active terms: 12
Epoch 2900 | deriv 0.069153 | active terms: 12
Epoch 2950 | deriv 0.069070 | active terms: 12
Epoch 2999 | deriv 0.069012 | active terms: 12

Refit phase: 600 epochs, lr=1.0e-02, l2=0, mask frozen (12 active terms)
Refit    0 | deriv 0.069013
Refit   50 | deriv 0.068989
Refit  100 | deriv 0.068975
Refit  150 | deriv 0.068959
Refit  200 | deriv 0.068941
Refit  250 | deriv 0.068920
Refit  300 | deriv 0.068898
Refit  350 | deriv 0.068874
Refit  400 | deriv 0.068850
Refit  450 | deriv 0.068824
Refit  500 | deriv 0.068799
Refit  550 | deriv 0.068773
Refit  599 | deriv 0.068747

============================================================
RESULT [l1_1e-4]
  Recon: 4.55%  |  Forecast: DIVERGED
  Active terms: 12  |  Time: 112s
  dz1/dt = -0.800 + 12.314*z1 - 55.491*z2 - 0.521*z3
  dz2/dt = -12.638 + 34.310*z1 + 15.712*z2 + 26.249*z3
  dz3/dt = 8.836 - 35.568*z1 + 58.747*z2 - 14.622*z3
============================================================

  (saved to sst_hpo_results.json)


######################################################################
Config [9/14]: l1_1e-3
  sindy_weight=0.1, l1=0.001, warmup=2500, epochs=5000, refit=3000, prune=0.0, dynamics_lr=0.05
######################################################################

Epoch    0 | recon 0.212974 | active terms: 12 | test 0.235183
Epoch   50 | recon 0.020714 | sindy 10.782118 (w=0.0001) | active terms: 12 | test 0.022377
Epoch  100 | recon 0.018044 | sindy 12.628702 (w=0.0002) | active terms: 12 | test 0.020300
Epoch  150 | recon 0.015261 | sindy 12.706255 (w=0.0002) | active terms: 12 | test 0.018329
Epoch  200 | recon 0.013964 | sindy 12.043348 (w=0.0003) | active terms: 12 | test 0.017480
Epoch  250 | recon 0.013469 | sindy 12.136997 (w=0.0004) | active terms: 12 | test 0.016454
Epoch  300 | recon 0.012964 | sindy 10.339760 (w=0.0006) | active terms: 12 | test 0.016242
Epoch  350 | recon 0.011460 | sindy 8.366651 (w=0.0007) | active terms: 12 | test 0.014984
Epoch  400 | recon 0.012766 | sindy 7.299666 (w=0.0008) | active terms: 12 | test 0.013997
Epoch  450 | recon 0.010326 | sindy 6.800200 (w=0.0010) | active terms: 12 | test 0.013545
Epoch  500 | recon 0.010124 | sindy 6.223943 (w=0.0012) | active terms: 12 | test 0.013514
Epoch  550 | recon 0.010798 | sindy 6.285725 (w=0.0014) | active terms: 12 | test 0.013233
Epoch  600 | recon 0.009749 | sindy 5.941099 (w=0.0016) | active terms: 12 | test 0.013129
Epoch  650 | recon 0.010210 | sindy 5.252317 (w=0.0018) | active terms: 12 | test 0.013045
Epoch  700 | recon 0.009825 | sindy 5.285142 (w=0.0021) | active terms: 12 | test 0.012725
Epoch  750 | recon 0.010118 | sindy 4.768941 (w=0.0024) | active terms: 12 | test 0.013489
Epoch  800 | recon 0.009626 | sindy 4.449965 (w=0.0027) | active terms: 12 | test 0.013121
Epoch  850 | recon 0.009487 | sindy 4.296054 (w=0.0030) | active terms: 12 | test 0.012766
Epoch  900 | recon 0.009632 | sindy 3.996912 (w=0.0034) | active terms: 12 | test 0.013416
Epoch  950 | recon 0.009443 | sindy 3.760748 (w=0.0039) | active terms: 12 | test 0.012886
Epoch 1000 | recon 0.010020 | sindy 3.436362 (w=0.0043) | active terms: 12 | test 0.012760
Epoch 1050 | recon 0.009791 | sindy 3.304270 (w=0.0049) | active terms: 12 | test 0.012866
Epoch 1100 | recon 0.009804 | sindy 3.525912 (w=0.0054) | active terms: 12 | test 0.014006
Epoch 1150 | recon 0.010880 | sindy 3.415010 (w=0.0061) | active terms: 12 | test 0.014348
Epoch 1200 | recon 0.009719 | sindy 3.945920 (w=0.0068) | active terms: 12 | test 0.015590
Epoch 1250 | recon 0.011360 | sindy 4.864544 (w=0.0076) | active terms: 12 | test 0.015489
Epoch 1300 | recon 0.012206 | sindy 5.914291 (w=0.0085) | active terms: 12 | test 0.020164
Epoch 1350 | recon 0.014376 | sindy 8.227186 (w=0.0094) | active terms: 12 | test 0.020663
Epoch 1400 | recon 0.016142 | sindy 9.937928 (w=0.0105) | active terms: 12 | test 0.027183
Epoch 1450 | recon 0.017226 | sindy 10.411292 (w=0.0117) | active terms: 12 | test 0.023874
Epoch 1500 | recon 0.017512 | sindy 20.150024 (w=0.0129) | active terms: 12 | test 0.019572
Epoch 1550 | recon 0.014231 | sindy 64.442894 (w=0.0144) | active terms: 12 | test 0.016817
Epoch 1600 | recon 0.016442 | sindy 53.243866 (w=0.0160) | active terms: 12 | test 0.020320
Epoch 1650 | recon 0.014160 | sindy 33.653023 (w=0.0177) | active terms: 12 | test 0.018556
Epoch 1700 | recon 0.013933 | sindy 26.357550 (w=0.0196) | active terms: 12 | test 0.017917
Epoch 1750 | recon 0.013289 | sindy 23.866852 (w=0.0218) | active terms: 12 | test 0.017955
Epoch 1800 | recon 0.014710 | sindy 22.899952 (w=0.0241) | active terms: 12 | test 0.018680
Epoch 1850 | recon 0.015406 | sindy 21.054733 (w=0.0268) | active terms: 12 | test 0.018586
Epoch 1900 | recon 0.018789 | sindy 19.212322 (w=0.0296) | active terms: 12 | test 0.019213
Epoch 1950 | recon 0.014869 | sindy 19.493420 (w=0.0328) | active terms: 12 | test 0.020015
Epoch 2000 | recon 0.015526 | sindy 20.055717 (w=0.0364) | active terms: 12 | test 0.019026
Epoch 2050 | recon 0.017280 | sindy 18.935354 (w=0.0403) | active terms: 12 | test 0.018891
Epoch 2100 | recon 0.019472 | sindy 20.943110 (w=0.0446) | active terms: 12 | test 0.023591
Epoch 2150 | recon 0.021586 | sindy 19.681791 (w=0.0493) | active terms: 12 | test 0.020377
Epoch 2200 | recon 0.021470 | sindy 18.964540 (w=0.0546) | active terms: 12 | test 0.020867
Epoch 2250 | recon 0.021147 | sindy 18.146973 (w=0.0604) | active terms: 12 | test 0.020782
Epoch 2300 | recon 0.031229 | sindy 13.999689 (w=0.0668) | active terms: 12 | test 0.040089
Epoch 2350 | recon 0.026078 | sindy 2.193812 (w=0.0739) | active terms: 12 | test 0.038656
Epoch 2400 | recon 0.023581 | sindy 1.925400 (w=0.0818) | active terms: 12 | test 0.040974
Epoch 2450 | recon 0.021226 | sindy 1.739723 (w=0.0904) | active terms: 12 | test 0.026222
--- Epoch 2500: E_sindy ramp complete (weight=0.1000) ---
Epoch 2500 | recon 0.020923 | sindy 1.675714 (w=0.1000) | active terms: 12 | test 0.023074
Epoch 2550 | recon 0.021182 | sindy 1.505953 (w=0.1000) | active terms: 12 | test 0.025188
Epoch 2600 | recon 0.016274 | sindy 1.385566 (w=0.1000) | active terms: 12 | test 0.025146
Epoch 2650 | recon 0.022084 | sindy 1.347319 (w=0.1000) | active terms: 12 | test 0.025090
Epoch 2700 | recon 0.021320 | sindy 1.574424 (w=0.1000) | active terms: 12 | test 0.021449
Epoch 2750 | recon 0.018439 | sindy 2.090926 (w=0.1000) | active terms: 12 | test 0.021473
Epoch 2800 | recon 0.019169 | sindy 2.385318 (w=0.1000) | active terms: 12 | test 0.020972
Epoch 2850 | recon 0.018879 | sindy 3.358339 (w=0.1000) | active terms: 12 | test 0.019667
Epoch 2900 | recon 0.017715 | sindy 3.715281 (w=0.1000) | active terms: 12 | test 0.021120
Epoch 2950 | recon 0.019970 | sindy 4.596357 (w=0.1000) | active terms: 12 | test 0.021539
Epoch 3000 | recon 0.017842 | sindy 3.321670 (w=0.1000) | active terms: 12 | test 0.019630
Epoch 3050 | recon 0.016636 | sindy 4.669034 (w=0.1000) | active terms: 12 | test 0.019316
Epoch 3100 | recon 0.026566 | sindy 8.847505 (w=0.1000) | active terms: 12 | test 0.021113
Epoch 3150 | recon 0.018662 | sindy 19.634466 (w=0.1000) | active terms: 12 | test 0.024912
Epoch 3200 | recon 0.022331 | sindy 19.437443 (w=0.1000) | active terms: 12 | test 0.025851
Epoch 3250 | recon 0.018014 | sindy 19.056622 (w=0.1000) | active terms: 12 | test 0.025061
Epoch 3300 | recon 0.024940 | sindy 15.205352 (w=0.1000) | active terms: 12 | test 0.032332
Epoch 3350 | recon 0.021707 | sindy 8.824159 (w=0.1000) | active terms: 12 | test 0.040047
Epoch 3400 | recon 0.023253 | sindy 1.161859 (w=0.1000) | active terms: 12 | test 0.031562
Epoch 3450 | recon 0.027511 | sindy 1.153534 (w=0.1000) | active terms: 12 | test 0.025782
Epoch 3500 | recon 0.022907 | sindy 1.477879 (w=0.1000) | active terms: 12 | test 0.026481
Epoch 3550 | recon 0.029801 | sindy 1.446297 (w=0.1000) | active terms: 12 | test 0.027697
Epoch 3600 | recon 0.037894 | sindy 1.494029 (w=0.1000) | active terms: 12 | test 0.025985
Epoch 3650 | recon 0.025624 | sindy 1.054789 (w=0.1000) | active terms: 12 | test 0.025294
Epoch 3700 | recon 0.027815 | sindy 1.207643 (w=0.1000) | active terms: 12 | test 0.024889
Epoch 3750 | recon 0.027072 | sindy 1.104325 (w=0.1000) | active terms: 12 | test 0.027334
Epoch 3800 | recon 0.024926 | sindy 0.934600 (w=0.1000) | active terms: 12 | test 0.030844
Epoch 3850 | recon 0.022512 | sindy 0.998069 (w=0.1000) | active terms: 12 | test 0.023964
Epoch 3900 | recon 0.022671 | sindy 0.926316 (w=0.1000) | active terms: 12 | test 0.024171
Epoch 3950 | recon 0.019391 | sindy 0.830572 (w=0.1000) | active terms: 12 | test 0.024108
Epoch 4000 | recon 0.019843 | sindy 0.760187 (w=0.1000) | active terms: 12 | test 0.023279
Epoch 4050 | recon 0.021528 | sindy 0.799550 (w=0.1000) | active terms: 12 | test 0.025688
Epoch 4100 | recon 0.018241 | sindy 0.690280 (w=0.1000) | active terms: 12 | test 0.021468
Epoch 4150 | recon 0.027019 | sindy 0.671735 (w=0.1000) | active terms: 12 | test 0.025193
Epoch 4200 | recon 0.023218 | sindy 0.633546 (w=0.1000) | active terms: 12 | test 0.042657
Epoch 4250 | recon 0.019991 | sindy 0.629296 (w=0.1000) | active terms: 12 | test 0.023307
Epoch 4300 | recon 0.020937 | sindy 0.875176 (w=0.1000) | active terms: 12 | test 0.022149
Epoch 4350 | recon 0.020538 | sindy 0.891441 (w=0.1000) | active terms: 12 | test 0.025128
Epoch 4400 | recon 0.022593 | sindy 1.551668 (w=0.1000) | active terms: 12 | test 0.024900
Epoch 4450 | recon 0.019859 | sindy 4.456917 (w=0.1000) | active terms: 12 | test 0.019670
Epoch 4500 | recon 0.025499 | sindy 33.895092 (w=0.1000) | active terms: 12 | test 0.026206
Epoch 4550 | recon 0.022548 | sindy 26.078621 (w=0.1000) | active terms: 12 | test 0.022625
Epoch 4600 | recon 0.019006 | sindy 26.609940 (w=0.1000) | active terms: 12 | test 0.021418
Epoch 4650 | recon 0.021954 | sindy 27.230242 (w=0.1000) | active terms: 12 | test 0.021920
Epoch 4700 | recon 0.020006 | sindy 25.294155 (w=0.1000) | active terms: 12 | test 0.021660
Epoch 4750 | recon 0.020650 | sindy 24.659906 (w=0.1000) | active terms: 12 | test 0.021462
Epoch 4800 | recon 0.019747 | sindy 24.366295 (w=0.1000) | active terms: 12 | test 0.021613
Epoch 4850 | recon 0.018167 | sindy 22.106884 (w=0.1000) | active terms: 12 | test 0.021399
Epoch 4900 | recon 0.016531 | sindy 22.911303 (w=0.1000) | active terms: 12 | test 0.021433
Epoch 4950 | recon 0.019336 | sindy 21.565432 (w=0.1000) | active terms: 12 | test 0.020687
Epoch 4999 | recon 0.018569 | sindy 21.745802 (w=0.1000) | active terms: 12 | test 0.020837

Refit phase: freezing encoder, extracting latent trajectories...
  Pre-refit active terms: 12
  Latent trajectory: 1001 points, calling fit() for 3000 epochs
Epoch    0 | deriv 12.611611 | active terms: 12
Epoch   50 | deriv 12.528252 | active terms: 12
Epoch  100 | deriv 12.528238 | active terms: 12
Epoch  150 | deriv 12.528237 | active terms: 12
Epoch  200 | deriv 12.528237 | active terms: 12
Epoch  250 | deriv 12.528237 | active terms: 12
Epoch  300 | deriv 12.528238 | active terms: 12
Epoch  350 | deriv 12.528236 | active terms: 12
Epoch  400 | deriv 12.528237 | active terms: 12
Epoch  450 | deriv 12.528236 | active terms: 12
Epoch  500 | deriv 12.528240 | active terms: 12
Epoch  550 | deriv 12.528237 | active terms: 12
Epoch  600 | deriv 12.528237 | active terms: 12
Epoch  650 | deriv 12.528237 | active terms: 12
Epoch  700 | deriv 12.528238 | active terms: 12
Epoch  750 | deriv 12.528239 | active terms: 12
Epoch  800 | deriv 12.528240 | active terms: 12
Epoch  850 | deriv 12.528237 | active terms: 12
Epoch  900 | deriv 12.528238 | active terms: 12
Epoch  950 | deriv 12.528238 | active terms: 12
Epoch 1000 | deriv 12.528242 | active terms: 12
Epoch 1050 | deriv 12.528240 | active terms: 12
Epoch 1100 | deriv 12.528237 | active terms: 12
Epoch 1150 | deriv 12.528236 | active terms: 12
Epoch 1200 | deriv 12.528237 | active terms: 12
Epoch 1250 | deriv 12.528238 | active terms: 12
Epoch 1300 | deriv 12.528240 | active terms: 12
Epoch 1350 | deriv 12.528239 | active terms: 12
Epoch 1400 | deriv 12.528240 | active terms: 12
Epoch 1450 | deriv 12.528242 | active terms: 12
Epoch 1500 | deriv 12.528254 | active terms: 12
Epoch 1550 | deriv 12.528238 | active terms: 12
Epoch 1600 | deriv 12.528244 | active terms: 12
Epoch 1650 | deriv 12.528238 | active terms: 12
Epoch 1700 | deriv 12.528241 | active terms: 12
Epoch 1750 | deriv 12.528238 | active terms: 12
Epoch 1800 | deriv 12.528242 | active terms: 12
Epoch 1850 | deriv 12.528241 | active terms: 12
Epoch 1900 | deriv 12.528241 | active terms: 12
Epoch 1950 | deriv 12.528237 | active terms: 12
Epoch 2000 | deriv 12.528249 | active terms: 12
Epoch 2050 | deriv 12.528260 | active terms: 12
Epoch 2100 | deriv 12.528238 | active terms: 12
Epoch 2150 | deriv 12.528238 | active terms: 12
Epoch 2200 | deriv 12.528243 | active terms: 12
Epoch 2250 | deriv 12.528255 | active terms: 12
Epoch 2300 | deriv 12.528248 | active terms: 12
Epoch 2350 | deriv 12.528240 | active terms: 12
Epoch 2400 | deriv 12.528246 | active terms: 12
Epoch 2450 | deriv 12.528246 | active terms: 12
Epoch 2500 | deriv 12.528244 | active terms: 12
Epoch 2550 | deriv 12.528250 | active terms: 12
Epoch 2600 | deriv 12.528244 | active terms: 12
Epoch 2650 | deriv 12.528246 | active terms: 12
Epoch 2700 | deriv 12.528259 | active terms: 12
Epoch 2750 | deriv 12.528252 | active terms: 12
Epoch 2800 | deriv 12.528259 | active terms: 12
Epoch 2850 | deriv 12.528242 | active terms: 12
Epoch 2900 | deriv 12.528240 | active terms: 12
Epoch 2950 | deriv 12.528244 | active terms: 12
Epoch 2999 | deriv 12.528244 | active terms: 12

Refit phase: 600 epochs, lr=1.0e-02, l2=0, mask frozen (12 active terms)
Refit    0 | deriv 12.528242
Refit   50 | deriv 12.528236
Refit  100 | deriv 12.528236
Refit  150 | deriv 12.528236
Refit  200 | deriv 12.528236
Refit  250 | deriv 12.528236
Refit  300 | deriv 12.528236
Refit  350 | deriv 12.528236
Refit  400 | deriv 12.528236
Refit  450 | deriv 12.528236
Refit  500 | deriv 12.528236
Refit  550 | deriv 12.528236
Refit  599 | deriv 12.528236

============================================================
RESULT [l1_1e-3]
  Recon: 5.82%  |  Forecast: DIVERGED
  Active terms: 12  |  Time: 113s
  dz1/dt = 1.370 + 8.006*z1 - 49.339*z2 - 11.961*z3
  dz2/dt = -13.983 + 40.757*z1 - 1.165*z2 + 28.874*z3
  dz3/dt = 1.457 + 0.792*z1 - 20.637*z2 - 6.842*z3
============================================================

  (saved to sst_hpo_results.json)


######################################################################
Config [10/14]: prune0.1
  sindy_weight=0.1, l1=0.0001, warmup=2500, epochs=5000, refit=3000, prune=0.1, dynamics_lr=0.05
######################################################################

Epoch    0 | recon 0.212974 | active terms: 12 | test 0.235183
Epoch   50 | recon 0.020714 | sindy 10.782118 (w=0.0001) | active terms: 12 | test 0.022377
Epoch  100 | recon 0.018044 | sindy 12.628702 (w=0.0002) | active terms: 12 | test 0.020300
Epoch  150 | recon 0.015261 | sindy 12.706227 (w=0.0002) | active terms: 12 | test 0.018328
Epoch  200 | recon 0.013964 | sindy 12.043324 (w=0.0003) | active terms: 12 | test 0.017481
Epoch  250 | recon 0.013471 | sindy 12.138821 (w=0.0004) | active terms: 12 | test 0.016451
Epoch  300 | recon 0.012968 | sindy 10.342880 (w=0.0006) | active terms: 12 | test 0.016242
Epoch  350 | recon 0.011458 | sindy 8.369629 (w=0.0007) | active terms: 12 | test 0.014980
Epoch  400 | recon 0.012762 | sindy 7.301384 (w=0.0008) | active terms: 12 | test 0.013999
Epoch  450 | recon 0.010333 | sindy 6.798983 (w=0.0010) | active terms: 12 | test 0.013544
Epoch  500 | recon 0.010122 | sindy 6.223657 (w=0.0012) | active terms: 12 | test 0.013536
Epoch  550 | recon 0.010806 | sindy 6.291777 (w=0.0014) | active terms: 12 | test 0.013212
Epoch  600 | recon 0.009761 | sindy 5.944442 (w=0.0016) | active terms: 12 | test 0.013110
Epoch  650 | recon 0.010210 | sindy 5.259036 (w=0.0018) | active terms: 12 | test 0.013064
Epoch  700 | recon 0.009812 | sindy 5.286242 (w=0.0021) | active terms: 12 | test 0.012717
Epoch  750 | recon 0.010118 | sindy 4.772455 (w=0.0024) | active terms: 12 | test 0.013481
Epoch  800 | recon 0.009618 | sindy 4.453058 (w=0.0027) | active terms: 12 | test 0.013102
Epoch  850 | recon 0.009452 | sindy 4.287487 (w=0.0030) | active terms: 12 | test 0.012764
Epoch  900 | recon 0.009617 | sindy 3.994727 (w=0.0034) | active terms: 12 | test 0.013391
Epoch  950 | recon 0.009454 | sindy 3.748835 (w=0.0039) | active terms: 12 | test 0.012892
Epoch 1000 | recon 0.010035 | sindy 3.419610 (w=0.0043) | active terms: 12 | test 0.012777
Epoch 1050 | recon 0.009801 | sindy 3.296382 (w=0.0049) | active terms: 12 | test 0.012922
Epoch 1100 | recon 0.009895 | sindy 3.491195 (w=0.0054) | active terms: 12 | test 0.014101
Epoch 1150 | recon 0.010841 | sindy 3.392770 (w=0.0061) | active terms: 12 | test 0.014343
Epoch 1200 | recon 0.009754 | sindy 3.944638 (w=0.0068) | active terms: 12 | test 0.015728
Epoch 1250 | recon 0.011516 | sindy 4.908940 (w=0.0076) | active terms: 12 | test 0.015501
Epoch 1300 | recon 0.012383 | sindy 5.882469 (w=0.0085) | active terms: 12 | test 0.020174
Epoch 1350 | recon 0.014393 | sindy 8.201653 (w=0.0094) | active terms: 12 | test 0.021564
Epoch 1400 | recon 0.015909 | sindy 9.955412 (w=0.0105) | active terms: 12 | test 0.024968
Epoch 1450 | recon 0.016058 | sindy 10.320071 (w=0.0117) | active terms: 12 | test 0.023295
Epoch 1500 | recon 0.013104 | sindy 26.080572 (w=0.0129) | active terms: 12 | test 0.017180
Epoch 1550 | recon 0.014902 | sindy 69.172440 (w=0.0144) | active terms: 12 | test 0.016583
Epoch 1600 | recon 0.016593 | sindy 55.815678 (w=0.0160) | active terms: 12 | test 0.018843
Epoch 1650 | recon 0.014678 | sindy 36.862942 (w=0.0177) | active terms: 12 | test 0.018590
Epoch 1700 | recon 0.013619 | sindy 28.243525 (w=0.0196) | active terms: 12 | test 0.018400
Epoch 1750 | recon 0.012916 | sindy 26.297838 (w=0.0218) | active terms: 12 | test 0.018394
Epoch 1800 | recon 0.015121 | sindy 23.312080 (w=0.0241) | active terms: 12 | test 0.020757
Epoch 1850 | recon 0.015738 | sindy 21.641411 (w=0.0268) | active terms: 12 | test 0.021641
Epoch 1900 | recon 0.021511 | sindy 20.135338 (w=0.0296) | active terms: 12 | test 0.022440
Epoch 1950 | recon 0.015249 | sindy 18.088102 (w=0.0328) | active terms: 12 | test 0.022024
Epoch 2000 | recon 0.016080 | sindy 18.487207 (w=0.0364) | active terms: 12 | test 0.020354
Epoch 2050 | recon 0.024121 | sindy 20.786493 (w=0.0403) | active terms: 12 | test 0.024225
Epoch 2100 | recon 0.017278 | sindy 18.857330 (w=0.0446) | active terms: 12 | test 0.019682
Epoch 2150 | recon 0.044571 | sindy 4.278645 (w=0.0493) | active terms: 12 | test 0.048661
Epoch 2200 | recon 0.035419 | sindy 2.585256 (w=0.0546) | active terms: 12 | test 0.038557
Epoch 2250 | recon 0.021695 | sindy 2.305892 (w=0.0604) | active terms: 12 | test 0.025414
Epoch 2300 | recon 0.024401 | sindy 2.052416 (w=0.0668) | active terms: 12 | test 0.021913
Epoch 2350 | recon 0.020376 | sindy 1.704596 (w=0.0739) | active terms: 12 | test 0.028496
Epoch 2400 | recon 0.020969 | sindy 1.558521 (w=0.0818) | active terms: 12 | test 0.030468
Epoch 2450 | recon 0.022668 | sindy 1.481421 (w=0.0904) | active terms: 12 | test 0.026876
--- Epoch 2500: E_sindy ramp complete (weight=0.1000) ---
Epoch 2500 | recon 0.017048 | sindy 1.587745 (w=0.1000) | active terms: 12 | test 0.024808
Epoch 2550 | recon 0.019514 | sindy 1.414015 (w=0.1000) | active terms: 12 | test 0.022549
Epoch 2600 | recon 0.015852 | sindy 1.279362 (w=0.1000) | active terms: 12 | test 0.023486
Epoch 2650 | recon 0.016769 | sindy 1.253883 (w=0.1000) | active terms: 12 | test 0.024369
Epoch 2700 | recon 0.018314 | sindy 1.238700 (w=0.1000) | active terms: 12 | test 0.020261
Epoch 2750 | recon 0.017615 | sindy 1.084065 (w=0.1000) | active terms: 12 | test 0.018658
Epoch 2800 | recon 0.017380 | sindy 1.297485 (w=0.1000) | active terms: 12 | test 0.022427
Epoch 2850 | recon 0.019202 | sindy 1.015978 (w=0.1000) | active terms: 12 | test 0.018618
Epoch 2900 | recon 0.016803 | sindy 1.098833 (w=0.1000) | active terms: 12 | test 0.018763
Epoch 2950 | recon 0.017912 | sindy 1.093472 (w=0.1000) | active terms: 12 | test 0.018028
Epoch 3000 | recon 0.016444 | sindy 0.910340 (w=0.1000) | active terms: 12 | test 0.019419
Epoch 3050 | recon 0.015476 | sindy 0.848844 (w=0.1000) | active terms: 12 | test 0.018948
Epoch 3100 | recon 0.016506 | sindy 1.021580 (w=0.1000) | active terms: 12 | test 0.019345
Epoch 3150 | recon 0.016602 | sindy 0.936831 (w=0.1000) | active terms: 12 | test 0.019159
Epoch 3200 | recon 0.016866 | sindy 0.858079 (w=0.1000) | active terms: 12 | test 0.018134
Epoch 3250 | recon 0.014680 | sindy 0.814551 (w=0.1000) | active terms: 12 | test 0.018595
Epoch 3300 | recon 0.016435 | sindy 0.809199 (w=0.1000) | active terms: 12 | test 0.018063
Epoch 3350 | recon 0.014999 | sindy 0.717838 (w=0.1000) | active terms: 12 | test 0.017809
Epoch 3400 | recon 0.014814 | sindy 0.655230 (w=0.1000) | active terms: 12 | test 0.018444
Epoch 3450 | recon 0.014038 | sindy 0.696299 (w=0.1000) | active terms: 12 | test 0.016987
Epoch 3500 | recon 0.015757 | sindy 0.604333 (w=0.1000) | active terms: 12 | test 0.017941
Epoch 3550 | recon 0.016410 | sindy 0.690962 (w=0.1000) | active terms: 12 | test 0.020173
Epoch 3600 | recon 0.014033 | sindy 0.599904 (w=0.1000) | active terms: 12 | test 0.018042
Epoch 3650 | recon 0.014873 | sindy 0.568495 (w=0.1000) | active terms: 12 | test 0.018404
Epoch 3700 | recon 0.014714 | sindy 0.599681 (w=0.1000) | active terms: 12 | test 0.017418
Epoch 3750 | recon 0.013953 | sindy 0.571374 (w=0.1000) | active terms: 12 | test 0.016771
Epoch 3800 | recon 0.015573 | sindy 0.507428 (w=0.1000) | active terms: 12 | test 0.017520
Epoch 3850 | recon 0.013761 | sindy 0.527940 (w=0.1000) | active terms: 12 | test 0.016563
Epoch 3900 | recon 0.016081 | sindy 0.500122 (w=0.1000) | active terms: 12 | test 0.015925
Epoch 3950 | recon 0.015549 | sindy 0.491097 (w=0.1000) | active terms: 12 | test 0.016299
Epoch 4000 | recon 0.014290 | sindy 0.438348 (w=0.1000) | active terms: 12 | test 0.017051
Epoch 4050 | recon 0.014435 | sindy 0.437537 (w=0.1000) | active terms: 12 | test 0.016497
Epoch 4100 | recon 0.012467 | sindy 0.480290 (w=0.1000) | active terms: 12 | test 0.017857
Epoch 4150 | recon 0.012800 | sindy 0.421939 (w=0.1000) | active terms: 12 | test 0.016867
Epoch 4200 | recon 0.014564 | sindy 0.427827 (w=0.1000) | active terms: 12 | test 0.015370
Epoch 4250 | recon 0.014909 | sindy 0.417238 (w=0.1000) | active terms: 12 | test 0.016214
Epoch 4300 | recon 0.012607 | sindy 0.357572 (w=0.1000) | active terms: 12 | test 0.015893
Epoch 4350 | recon 0.013329 | sindy 0.377063 (w=0.1000) | active terms: 12 | test 0.015816
Epoch 4400 | recon 0.012490 | sindy 0.375413 (w=0.1000) | active terms: 12 | test 0.017127
Epoch 4450 | recon 0.012895 | sindy 0.393539 (w=0.1000) | active terms: 12 | test 0.014675
Epoch 4500 | recon 0.012467 | sindy 0.329806 (w=0.1000) | active terms: 12 | test 0.015112
Epoch 4550 | recon 0.011571 | sindy 0.350221 (w=0.1000) | active terms: 12 | test 0.016571
Epoch 4600 | recon 0.011708 | sindy 0.330278 (w=0.1000) | active terms: 12 | test 0.014951
Epoch 4650 | recon 0.013287 | sindy 0.353780 (w=0.1000) | active terms: 12 | test 0.015328
Epoch 4700 | recon 0.012641 | sindy 0.328549 (w=0.1000) | active terms: 12 | test 0.014448
Epoch 4750 | recon 0.012675 | sindy 0.352776 (w=0.1000) | active terms: 12 | test 0.014967
Epoch 4800 | recon 0.010898 | sindy 0.326237 (w=0.1000) | active terms: 12 | test 0.015627
Epoch 4850 | recon 0.011657 | sindy 0.306067 (w=0.1000) | active terms: 12 | test 0.014341
Epoch 4900 | recon 0.010493 | sindy 0.305448 (w=0.1000) | active terms: 12 | test 0.014137
Epoch 4950 | recon 0.012040 | sindy 0.309987 (w=0.1000) | active terms: 12 | test 0.015284
Epoch 4999 | recon 0.010858 | sindy 0.329026 (w=0.1000) | active terms: 12 | test 0.014134

Refit phase: freezing encoder, extracting latent trajectories...
  Pre-refit active terms: 12
  Latent trajectory: 1001 points, calling fit() for 3000 epochs
Epoch    0 | deriv 0.148847 | active terms: 12
Epoch   50 | deriv 0.146879 | active terms: 12
Epoch  100 | deriv 0.144159 | active terms: 12
Epoch  150 | deriv 0.141058 | active terms: 12
Epoch  200 | deriv 0.137769 | active terms: 12
Epoch  250 | deriv 0.134393 | active terms: 12
Epoch  300 | deriv 0.130989 | active terms: 12
Epoch  350 | deriv 0.127600 | active terms: 12
Epoch  400 | deriv 0.124272 | active terms: 12
Epoch  450 | deriv 0.121002 | active terms: 12
Epoch  500 | deriv 0.117807 | active terms: 12
Epoch  550 | deriv 0.114700 | active terms: 12
Epoch  600 | deriv 0.111692 | active terms: 12
Epoch  650 | deriv 0.108791 | active terms: 12
Epoch  700 | deriv 0.106004 | active terms: 12
Epoch  750 | deriv 0.103334 | active terms: 12
Epoch  800 | deriv 0.100784 | active terms: 12
Epoch  850 | deriv 0.098356 | active terms: 12
Epoch  900 | deriv 0.096050 | active terms: 12
Epoch  950 | deriv 0.093866 | active terms: 12
Epoch 1000 | deriv 0.091860 | active terms: 12
Epoch 1050 | deriv 0.090014 | active terms: 12
Epoch 1100 | deriv 0.088274 | active terms: 12
Epoch 1150 | deriv 0.086646 | active terms: 12
Epoch 1200 | deriv 0.085144 | active terms: 12
Epoch 1250 | deriv 0.083754 | active terms: 12
Epoch 1300 | deriv 0.082469 | active terms: 12
Epoch 1350 | deriv 0.081273 | active terms: 12
Epoch 1400 | deriv 0.080173 | active terms: 12
Epoch 1450 | deriv 0.079151 | active terms: 12
Epoch 1500 | deriv 0.078218 | active terms: 12
Epoch 1550 | deriv 0.077351 | active terms: 12
Epoch 1600 | deriv 0.076579 | active terms: 12
Epoch 1650 | deriv 0.075837 | active terms: 12
Epoch 1700 | deriv 0.075175 | active terms: 12
Epoch 1750 | deriv 0.074574 | active terms: 12
Epoch 1800 | deriv 0.074010 | active terms: 12
Epoch 1850 | deriv 0.073510 | active terms: 12
Epoch 1900 | deriv 0.073042 | active terms: 12
Epoch 1950 | deriv 0.072619 | active terms: 12
Epoch 2000 | deriv 0.072239 | active terms: 11
Epoch 2050 | deriv 0.071934 | active terms: 11
Epoch 2100 | deriv 0.071603 | active terms: 11
Epoch 2150 | deriv 0.071327 | active terms: 11
Epoch 2200 | deriv 0.071080 | active terms: 11
Epoch 2250 | deriv 0.070867 | active terms: 11
Epoch 2300 | deriv 0.070662 | active terms: 11
Epoch 2350 | deriv 0.070472 | active terms: 11
Epoch 2400 | deriv 0.070308 | active terms: 11
Epoch 2450 | deriv 0.070167 | active terms: 11
Epoch 2500 | deriv 0.070028 | active terms: 11
Epoch 2550 | deriv 0.069914 | active terms: 11
Epoch 2600 | deriv 0.069808 | active terms: 11
Epoch 2650 | deriv 0.069705 | active terms: 11
Epoch 2700 | deriv 0.069617 | active terms: 11
Epoch 2750 | deriv 0.069532 | active terms: 11
Epoch 2800 | deriv 0.069463 | active terms: 11
Epoch 2850 | deriv 0.069400 | active terms: 11
Epoch 2900 | deriv 0.069363 | active terms: 11
Epoch 2950 | deriv 0.069281 | active terms: 11
Epoch 2999 | deriv 0.069243 | active terms: 11

Refit phase: 600 epochs, lr=1.0e-02, l2=0, mask frozen (11 active terms)
Refit    0 | deriv 0.069244
Refit   50 | deriv 0.069223
Refit  100 | deriv 0.069212
Refit  150 | deriv 0.069198
Refit  200 | deriv 0.069183
Refit  250 | deriv 0.069166
Refit  300 | deriv 0.069149
Refit  350 | deriv 0.069130
Refit  400 | deriv 0.069111
Refit  450 | deriv 0.069091
Refit  500 | deriv 0.069071
Refit  550 | deriv 0.069052
Refit  599 | deriv 0.069032

============================================================
RESULT [prune0.1]
  Recon: 4.55%  |  Forecast: DIVERGED
  Active terms: 11  |  Time: 113s
  dz1/dt = 10.465*z1 - 56.862*z2 - 1.917*z3
  dz2/dt = -12.638 + 34.310*z1 + 15.712*z2 + 26.249*z3
  dz3/dt = 8.836 - 35.568*z1 + 58.747*z2 - 14.622*z3
============================================================

  (saved to sst_hpo_results.json)


######################################################################
Config [11/14]: sw0.5_l1
  sindy_weight=0.5, l1=0.0001, warmup=2500, epochs=5000, refit=3000, prune=0.0, dynamics_lr=0.05
######################################################################

Epoch    0 | recon 0.212974 | active terms: 12 | test 0.235183
Epoch   50 | recon 0.020713 | sindy 10.766871 (w=0.0004) | active terms: 12 | test 0.022384
Epoch  100 | recon 0.018072 | sindy 12.536950 (w=0.0008) | active terms: 12 | test 0.020306
Epoch  150 | recon 0.015226 | sindy 12.334971 (w=0.0012) | active terms: 12 | test 0.018362
Epoch  200 | recon 0.014036 | sindy 10.417660 (w=0.0017) | active terms: 12 | test 0.017101
Epoch  250 | recon 0.012502 | sindy 8.391408 (w=0.0022) | active terms: 12 | test 0.015577
Epoch  300 | recon 0.011880 | sindy 6.360379 (w=0.0028) | active terms: 12 | test 0.014653
Epoch  350 | recon 0.010911 | sindy 5.200270 (w=0.0034) | active terms: 12 | test 0.014517
Epoch  400 | recon 0.012034 | sindy 4.682193 (w=0.0042) | active terms: 12 | test 0.013607
Epoch  450 | recon 0.009691 | sindy 4.285561 (w=0.0050) | active terms: 12 | test 0.013583
Epoch  500 | recon 0.009965 | sindy 4.088894 (w=0.0058) | active terms: 12 | test 0.013379
Epoch  550 | recon 0.010553 | sindy 3.952923 (w=0.0068) | active terms: 12 | test 0.013248
Epoch  600 | recon 0.009633 | sindy 3.891252 (w=0.0079) | active terms: 12 | test 0.013064
Epoch  650 | recon 0.009693 | sindy 3.180605 (w=0.0091) | active terms: 12 | test 0.013108
Epoch  700 | recon 0.009378 | sindy 3.137797 (w=0.0104) | active terms: 12 | test 0.012816
Epoch  750 | recon 0.009895 | sindy 3.048557 (w=0.0118) | active terms: 12 | test 0.013374
Epoch  800 | recon 0.009579 | sindy 2.817293 (w=0.0134) | active terms: 12 | test 0.013234
Epoch  850 | recon 0.009580 | sindy 2.970751 (w=0.0152) | active terms: 12 | test 0.012752
Epoch  900 | recon 0.009510 | sindy 2.510132 (w=0.0171) | active terms: 12 | test 0.013569
Epoch  950 | recon 0.011656 | sindy 3.460209 (w=0.0193) | active terms: 12 | test 0.013587
Epoch 1000 | recon 0.013176 | sindy 5.260319 (w=0.0217) | active terms: 12 | test 0.018388
Epoch 1050 | recon 0.015759 | sindy 8.698658 (w=0.0243) | active terms: 12 | test 0.022542
Epoch 1100 | recon 0.022902 | sindy 10.197400 (w=0.0272) | active terms: 12 | test 0.025758
Epoch 1150 | recon 0.019858 | sindy 10.476925 (w=0.0304) | active terms: 12 | test 0.024561
Epoch 1200 | recon 0.018740 | sindy 10.666038 (w=0.0340) | active terms: 12 | test 0.023922
Epoch 1250 | recon 0.021679 | sindy 11.188346 (w=0.0379) | active terms: 12 | test 0.028887
Epoch 1300 | recon 0.023054 | sindy 8.378444 (w=0.0423) | active terms: 12 | test 0.026685
Epoch 1350 | recon 0.021242 | sindy 7.814853 (w=0.0471) | active terms: 12 | test 0.023781
Epoch 1400 | recon 0.037438 | sindy 0.213098 (w=0.0524) | active terms: 12 | test 0.026629
Epoch 1450 | recon 0.020670 | sindy 0.207157 (w=0.0583) | active terms: 12 | test 0.023291
Epoch 1500 | recon 0.020090 | sindy 0.189715 (w=0.0647) | active terms: 12 | test 0.022038
Epoch 1550 | recon 0.022252 | sindy 0.154322 (w=0.0719) | active terms: 12 | test 0.021284
Epoch 1600 | recon 0.016390 | sindy 0.145985 (w=0.0798) | active terms: 12 | test 0.023336
Epoch 1650 | recon 0.016606 | sindy 0.129919 (w=0.0886) | active terms: 12 | test 0.020444
Epoch 1700 | recon 0.016836 | sindy 0.109622 (w=0.0982) | active terms: 12 | test 0.019653
Epoch 1750 | recon 0.015008 | sindy 0.096533 (w=0.1089) | active terms: 12 | test 0.021887
Epoch 1800 | recon 0.016152 | sindy 0.082742 (w=0.1207) | active terms: 12 | test 0.020981
Epoch 1850 | recon 0.014632 | sindy 0.076737 (w=0.1338) | active terms: 12 | test 0.018299
Epoch 1900 | recon 0.015004 | sindy 0.064923 (w=0.1482) | active terms: 12 | test 0.017672
Epoch 1950 | recon 0.015361 | sindy 0.067358 (w=0.1642) | active terms: 12 | test 0.019332
Epoch 2000 | recon 0.014271 | sindy 0.067605 (w=0.1818) | active terms: 12 | test 0.018149
Epoch 2050 | recon 0.015208 | sindy 0.054171 (w=0.2013) | active terms: 12 | test 0.017638
Epoch 2100 | recon 0.014687 | sindy 0.056080 (w=0.2228) | active terms: 12 | test 0.017875
Epoch 2150 | recon 0.013446 | sindy 0.054939 (w=0.2466) | active terms: 12 | test 0.024200
Epoch 2200 | recon 0.014973 | sindy 0.058393 (w=0.2729) | active terms: 12 | test 0.018777
Epoch 2250 | recon 0.014919 | sindy 0.056176 (w=0.3019) | active terms: 12 | test 0.019696
Epoch 2300 | recon 0.015678 | sindy 0.049958 (w=0.3340) | active terms: 12 | test 0.020453
Epoch 2350 | recon 0.015953 | sindy 0.047273 (w=0.3695) | active terms: 12 | test 0.019977
Epoch 2400 | recon 0.013888 | sindy 0.041078 (w=0.4088) | active terms: 12 | test 0.021529
Epoch 2450 | recon 0.013816 | sindy 0.037018 (w=0.4521) | active terms: 12 | test 0.018928
--- Epoch 2500: E_sindy ramp complete (weight=0.5000) ---
Epoch 2500 | recon 0.012640 | sindy 0.035099 (w=0.5000) | active terms: 12 | test 0.019908
Epoch 2550 | recon 0.015041 | sindy 0.033770 (w=0.5000) | active terms: 12 | test 0.017982
Epoch 2600 | recon 0.011850 | sindy 0.029473 (w=0.5000) | active terms: 12 | test 0.017439
Epoch 2650 | recon 0.011686 | sindy 0.031452 (w=0.5000) | active terms: 12 | test 0.017207
Epoch 2700 | recon 0.012005 | sindy 0.026329 (w=0.5000) | active terms: 12 | test 0.016885
Epoch 2750 | recon 0.012050 | sindy 0.029331 (w=0.5000) | active terms: 12 | test 0.017454
Epoch 2800 | recon 0.012358 | sindy 0.026635 (w=0.5000) | active terms: 12 | test 0.020648
Epoch 2850 | recon 0.011989 | sindy 0.029604 (w=0.5000) | active terms: 12 | test 0.016530
Epoch 2900 | recon 0.013183 | sindy 0.024342 (w=0.5000) | active terms: 12 | test 0.017372
Epoch 2950 | recon 0.011631 | sindy 0.025982 (w=0.5000) | active terms: 12 | test 0.020382
Epoch 3000 | recon 0.011841 | sindy 0.025895 (w=0.5000) | active terms: 12 | test 0.015942
Epoch 3050 | recon 0.010845 | sindy 0.029185 (w=0.5000) | active terms: 12 | test 0.018816
Epoch 3100 | recon 0.011216 | sindy 0.025146 (w=0.5000) | active terms: 12 | test 0.017211
Epoch 3150 | recon 0.012081 | sindy 0.031830 (w=0.5000) | active terms: 12 | test 0.015974
Epoch 3200 | recon 0.010740 | sindy 0.027561 (w=0.5000) | active terms: 12 | test 0.017103
Epoch 3250 | recon 0.011243 | sindy 0.029836 (w=0.5000) | active terms: 12 | test 0.016527
Epoch 3300 | recon 0.010958 | sindy 0.033152 (w=0.5000) | active terms: 12 | test 0.017149
Epoch 3350 | recon 0.011716 | sindy 0.028474 (w=0.5000) | active terms: 12 | test 0.016149
Epoch 3400 | recon 0.011028 | sindy 0.033878 (w=0.5000) | active terms: 12 | test 0.018518
Epoch 3450 | recon 0.011447 | sindy 0.039924 (w=0.5000) | active terms: 12 | test 0.021195
Epoch 3500 | recon 0.010240 | sindy 0.041711 (w=0.5000) | active terms: 12 | test 0.017494
Epoch 3550 | recon 0.011146 | sindy 0.043719 (w=0.5000) | active terms: 12 | test 0.016637
Epoch 3600 | recon 0.010698 | sindy 0.042597 (w=0.5000) | active terms: 12 | test 0.016338
Epoch 3650 | recon 0.010900 | sindy 0.053560 (w=0.5000) | active terms: 12 | test 0.017418
Epoch 3700 | recon 0.011153 | sindy 0.066115 (w=0.5000) | active terms: 12 | test 0.016322
Epoch 3750 | recon 0.010385 | sindy 0.132537 (w=0.5000) | active terms: 12 | test 0.016356
Epoch 3800 | recon 0.012960 | sindy 0.465657 (w=0.5000) | active terms: 12 | test 0.018230
Epoch 3850 | recon 0.015880 | sindy 0.166814 (w=0.5000) | active terms: 12 | test 0.020493
Epoch 3900 | recon 0.012842 | sindy 0.618041 (w=0.5000) | active terms: 12 | test 0.016998
Epoch 3950 | recon 0.017330 | sindy 0.243717 (w=0.5000) | active terms: 12 | test 0.021585
Epoch 4000 | recon 0.017072 | sindy 0.157150 (w=0.5000) | active terms: 12 | test 0.020902
Epoch 4050 | recon 0.017605 | sindy 0.146497 (w=0.5000) | active terms: 12 | test 0.018667
Epoch 4100 | recon 0.011193 | sindy 0.486967 (w=0.5000) | active terms: 12 | test 0.017899
Epoch 4150 | recon 0.014569 | sindy 0.296147 (w=0.5000) | active terms: 12 | test 0.021188
Epoch 4200 | recon 0.012559 | sindy 1.585835 (w=0.5000) | active terms: 12 | test 0.015800
Epoch 4250 | recon 0.023025 | sindy 0.121036 (w=0.5000) | active terms: 12 | test 0.023665
Epoch 4300 | recon 0.015102 | sindy 0.158917 (w=0.5000) | active terms: 12 | test 0.019794
Epoch 4350 | recon 0.015236 | sindy 0.185141 (w=0.5000) | active terms: 12 | test 0.020783
Epoch 4400 | recon 0.014527 | sindy 0.179437 (w=0.5000) | active terms: 12 | test 0.018776
Epoch 4450 | recon 0.011877 | sindy 0.514959 (w=0.5000) | active terms: 12 | test 0.015915
Epoch 4500 | recon 0.011930 | sindy 0.686173 (w=0.5000) | active terms: 12 | test 0.015776
Epoch 4550 | recon 0.011402 | sindy 1.577822 (w=0.5000) | active terms: 12 | test 0.015426
Epoch 4600 | recon 0.013868 | sindy 0.411541 (w=0.5000) | active terms: 12 | test 0.021259
Epoch 4650 | recon 0.013293 | sindy 1.246606 (w=0.5000) | active terms: 12 | test 0.015817
Epoch 4700 | recon 0.011476 | sindy 1.389726 (w=0.5000) | active terms: 12 | test 0.017046
Epoch 4750 | recon 0.012611 | sindy 4.078588 (w=0.5000) | active terms: 12 | test 0.015931
Epoch 4800 | recon 0.022455 | sindy 10.542779 (w=0.5000) | active terms: 12 | test 0.027490
Epoch 4850 | recon 0.037036 | sindy 14.263243 (w=0.5000) | active terms: 12 | test 0.039074
Epoch 4900 | recon 0.027302 | sindy 13.452071 (w=0.5000) | active terms: 12 | test 0.035710
Epoch 4950 | recon 0.030041 | sindy 13.127821 (w=0.5000) | active terms: 12 | test 0.038638
Epoch 4999 | recon 0.037771 | sindy 13.168644 (w=0.5000) | active terms: 12 | test 0.043718

Refit phase: freezing encoder, extracting latent trajectories...
  Pre-refit active terms: 12
  Latent trajectory: 1001 points, calling fit() for 3000 epochs
Epoch    0 | deriv 7.182381 | active terms: 12
Epoch   50 | deriv 7.016079 | active terms: 12
Epoch  100 | deriv 6.999833 | active terms: 12
Epoch  150 | deriv 6.999470 | active terms: 12
Epoch  200 | deriv 6.999470 | active terms: 12
Epoch  250 | deriv 6.999470 | active terms: 12
Epoch  300 | deriv 6.999470 | active terms: 12
Epoch  350 | deriv 6.999470 | active terms: 12
Epoch  400 | deriv 6.999470 | active terms: 12
Epoch  450 | deriv 6.999470 | active terms: 12
Epoch  500 | deriv 6.999470 | active terms: 12
Epoch  550 | deriv 6.999470 | active terms: 12
Epoch  600 | deriv 6.999473 | active terms: 12
Epoch  650 | deriv 6.999471 | active terms: 12
Epoch  700 | deriv 6.999470 | active terms: 12
Epoch  750 | deriv 6.999470 | active terms: 12
Epoch  800 | deriv 6.999470 | active terms: 12
Epoch  850 | deriv 6.999498 | active terms: 12
Epoch  900 | deriv 6.999472 | active terms: 12
Epoch  950 | deriv 6.999470 | active terms: 12
Epoch 1000 | deriv 6.999470 | active terms: 12
Epoch 1050 | deriv 6.999503 | active terms: 12
Epoch 1100 | deriv 6.999481 | active terms: 12
Epoch 1150 | deriv 6.999470 | active terms: 12
Epoch 1200 | deriv 6.999470 | active terms: 12
Epoch 1250 | deriv 6.999481 | active terms: 12
Epoch 1300 | deriv 6.999493 | active terms: 12
Epoch 1350 | deriv 6.999479 | active terms: 12
Epoch 1400 | deriv 6.999470 | active terms: 12
Epoch 1450 | deriv 6.999470 | active terms: 12
Epoch 1500 | deriv 6.999479 | active terms: 12
Epoch 1550 | deriv 6.999471 | active terms: 12
Epoch 1600 | deriv 6.999486 | active terms: 12
Epoch 1650 | deriv 6.999475 | active terms: 12
Epoch 1700 | deriv 6.999472 | active terms: 12
Epoch 1750 | deriv 6.999487 | active terms: 12
Epoch 1800 | deriv 6.999475 | active terms: 12
Epoch 1850 | deriv 6.999474 | active terms: 12
Epoch 1900 | deriv 6.999470 | active terms: 12
Epoch 1950 | deriv 6.999470 | active terms: 12
Epoch 2000 | deriv 6.999488 | active terms: 12
Epoch 2050 | deriv 6.999481 | active terms: 12
Epoch 2100 | deriv 6.999475 | active terms: 12
Epoch 2150 | deriv 6.999470 | active terms: 12
Epoch 2200 | deriv 6.999483 | active terms: 12
Epoch 2250 | deriv 6.999597 | active terms: 12
Epoch 2300 | deriv 6.999494 | active terms: 12
Epoch 2350 | deriv 6.999503 | active terms: 12
Epoch 2400 | deriv 6.999490 | active terms: 12
Epoch 2450 | deriv 6.999568 | active terms: 12
Epoch 2500 | deriv 6.999533 | active terms: 12
Epoch 2550 | deriv 6.999472 | active terms: 12
Epoch 2600 | deriv 6.999470 | active terms: 12
Epoch 2650 | deriv 6.999471 | active terms: 12
Epoch 2700 | deriv 6.999471 | active terms: 12
Epoch 2750 | deriv 6.999486 | active terms: 12
Epoch 2800 | deriv 6.999480 | active terms: 12
Epoch 2850 | deriv 6.999471 | active terms: 12
Epoch 2900 | deriv 6.999470 | active terms: 12
Epoch 2950 | deriv 6.999475 | active terms: 12
Epoch 2999 | deriv 6.999488 | active terms: 12

Refit phase: 600 epochs, lr=1.0e-02, l2=0, mask frozen (12 active terms)
Refit    0 | deriv 6.999491
Refit   50 | deriv 6.999471
Refit  100 | deriv 6.999470
Refit  150 | deriv 6.999470
Refit  200 | deriv 6.999470
Refit  250 | deriv 6.999470
Refit  300 | deriv 6.999470
Refit  350 | deriv 6.999470
Refit  400 | deriv 6.999470
Refit  450 | deriv 6.999470
Refit  500 | deriv 6.999470
Refit  550 | deriv 6.999470
Refit  599 | deriv 6.999470

============================================================
RESULT [sw0.5_l1]
  Recon: 10.02%  |  Forecast: DIVERGED
  Active terms: 12  |  Time: 113s
  dz1/dt = 12.274 + 4.572*z1 + 14.908*z2 + 33.492*z3
  dz2/dt = 1.423 + 10.912*z1 - 4.494*z2 + 7.972*z3
  dz3/dt = 7.104 - 45.507*z1 + 36.830*z2 - 0.303*z3
============================================================

  (saved to sst_hpo_results.json)


######################################################################
Config [12/14]: sw1.0_l1
  sindy_weight=1.0, l1=0.0001, warmup=2500, epochs=5000, refit=3000, prune=0.0, dynamics_lr=0.05
######################################################################

Epoch    0 | recon 0.212974 | active terms: 12 | test 0.235183
Epoch   50 | recon 0.020717 | sindy 10.747585 (w=0.0007) | active terms: 12 | test 0.022396
Epoch  100 | recon 0.018091 | sindy 12.408977 (w=0.0015) | active terms: 12 | test 0.020286
Epoch  150 | recon 0.015158 | sindy 11.618571 (w=0.0024) | active terms: 12 | test 0.018363
Epoch  200 | recon 0.014302 | sindy 8.414895 (w=0.0033) | active terms: 12 | test 0.016335
Epoch  250 | recon 0.012163 | sindy 6.592283 (w=0.0044) | active terms: 12 | test 0.015455
Epoch  300 | recon 0.011493 | sindy 5.456995 (w=0.0056) | active terms: 12 | test 0.014561
Epoch  350 | recon 0.010747 | sindy 4.603413 (w=0.0069) | active terms: 12 | test 0.014551
Epoch  400 | recon 0.011784 | sindy 4.087309 (w=0.0083) | active terms: 12 | test 0.013601
Epoch  450 | recon 0.009522 | sindy 3.792179 (w=0.0099) | active terms: 12 | test 0.013717
Epoch  500 | recon 0.009786 | sindy 3.713211 (w=0.0117) | active terms: 12 | test 0.013531
Epoch  550 | recon 0.010468 | sindy 3.849545 (w=0.0136) | active terms: 12 | test 0.013485
Epoch  600 | recon 0.009753 | sindy 4.079489 (w=0.0157) | active terms: 12 | test 0.013307
Epoch  650 | recon 0.009951 | sindy 3.599128 (w=0.0181) | active terms: 12 | test 0.013259
Epoch  700 | recon 0.009354 | sindy 3.544961 (w=0.0207) | active terms: 12 | test 0.012983
Epoch  750 | recon 0.010920 | sindy 3.311301 (w=0.0236) | active terms: 12 | test 0.014720
Epoch  800 | recon 0.012507 | sindy 4.278689 (w=0.0268) | active terms: 12 | test 0.017740
Epoch  850 | recon 0.014943 | sindy 7.069601 (w=0.0303) | active terms: 12 | test 0.019912
Epoch  900 | recon 0.017787 | sindy 10.541166 (w=0.0343) | active terms: 12 | test 0.022692
Epoch  950 | recon 0.023984 | sindy 11.790068 (w=0.0386) | active terms: 12 | test 0.026365
Epoch 1000 | recon 0.019792 | sindy 12.173460 (w=0.0433) | active terms: 12 | test 0.026808
Epoch 1050 | recon 0.023721 | sindy 11.518030 (w=0.0486) | active terms: 12 | test 0.023875
Epoch 1100 | recon 0.030056 | sindy 4.576519 (w=0.0544) | active terms: 12 | test 0.032857
Epoch 1150 | recon 0.023770 | sindy 0.214693 (w=0.0609) | active terms: 12 | test 0.026653
Epoch 1200 | recon 0.024243 | sindy 0.126573 (w=0.0680) | active terms: 12 | test 0.026894
Epoch 1250 | recon 0.021201 | sindy 0.110980 (w=0.0759) | active terms: 12 | test 0.022614
Epoch 1300 | recon 0.020781 | sindy 0.093940 (w=0.0845) | active terms: 12 | test 0.019791
Epoch 1350 | recon 0.019370 | sindy 0.085596 (w=0.0942) | active terms: 12 | test 0.019741
Epoch 1400 | recon 0.020526 | sindy 0.077546 (w=0.1048) | active terms: 12 | test 0.023144
Epoch 1450 | recon 0.014864 | sindy 0.070779 (w=0.1165) | active terms: 12 | test 0.019032
Epoch 1500 | recon 0.015270 | sindy 0.066962 (w=0.1295) | active terms: 12 | test 0.019206
Epoch 1550 | recon 0.017360 | sindy 0.064242 (w=0.1438) | active terms: 12 | test 0.024750
Epoch 1600 | recon 0.014882 | sindy 0.059457 (w=0.1596) | active terms: 12 | test 0.020084
Epoch 1650 | recon 0.017391 | sindy 0.057425 (w=0.1771) | active terms: 12 | test 0.019943
Epoch 1700 | recon 0.016882 | sindy 0.054728 (w=0.1965) | active terms: 12 | test 0.020139
Epoch 1750 | recon 0.014798 | sindy 0.048656 (w=0.2179) | active terms: 12 | test 0.020101
Epoch 1800 | recon 0.015857 | sindy 0.046577 (w=0.2415) | active terms: 12 | test 0.023035
Epoch 1850 | recon 0.015598 | sindy 0.044729 (w=0.2676) | active terms: 12 | test 0.022700
Epoch 1900 | recon 0.015441 | sindy 0.042526 (w=0.2965) | active terms: 12 | test 0.020620
Epoch 1950 | recon 0.017573 | sindy 0.047845 (w=0.3283) | active terms: 12 | test 0.023459
Epoch 2000 | recon 0.016020 | sindy 0.043111 (w=0.3636) | active terms: 12 | test 0.020514
Epoch 2050 | recon 0.016418 | sindy 0.043270 (w=0.4025) | active terms: 12 | test 0.035675
Epoch 2100 | recon 0.018123 | sindy 0.047577 (w=0.4456) | active terms: 12 | test 0.029101
Epoch 2150 | recon 0.016809 | sindy 0.047408 (w=0.4932) | active terms: 12 | test 0.021945
Epoch 2200 | recon 0.019019 | sindy 0.050662 (w=0.5458) | active terms: 12 | test 0.023713
Epoch 2250 | recon 0.020728 | sindy 0.060205 (w=0.6039) | active terms: 12 | test 0.024413
Epoch 2300 | recon 0.019911 | sindy 0.076993 (w=0.6681) | active terms: 12 | test 0.028522
Epoch 2350 | recon 0.018632 | sindy 0.133779 (w=0.7391) | active terms: 12 | test 0.028170
Epoch 2400 | recon 0.026432 | sindy 0.311084 (w=0.8175) | active terms: 12 | test 0.034257
Epoch 2450 | recon 0.028166 | sindy 0.373623 (w=0.9042) | active terms: 12 | test 0.039409
--- Epoch 2500: E_sindy ramp complete (weight=1.0000) ---
Epoch 2500 | recon 0.027607 | sindy 0.379054 (w=1.0000) | active terms: 12 | test 0.038587
Epoch 2550 | recon 0.027708 | sindy 0.554936 (w=1.0000) | active terms: 12 | test 0.040814
Epoch 2600 | recon 0.023700 | sindy 0.393130 (w=1.0000) | active terms: 12 | test 0.038402
Epoch 2650 | recon 0.027495 | sindy 0.458171 (w=1.0000) | active terms: 12 | test 0.034015
Epoch 2700 | recon 0.020568 | sindy 0.353166 (w=1.0000) | active terms: 12 | test 0.038546
Epoch 2750 | recon 0.024084 | sindy 0.332543 (w=1.0000) | active terms: 12 | test 0.033654
Epoch 2800 | recon 0.020131 | sindy 0.314144 (w=1.0000) | active terms: 12 | test 0.030186
Epoch 2850 | recon 0.021477 | sindy 0.244158 (w=1.0000) | active terms: 12 | test 0.046211
Epoch 2900 | recon 0.017488 | sindy 0.258231 (w=1.0000) | active terms: 12 | test 0.034139
Epoch 2950 | recon 0.017332 | sindy 0.233344 (w=1.0000) | active terms: 12 | test 0.033277
Epoch 3000 | recon 0.015079 | sindy 0.205513 (w=1.0000) | active terms: 12 | test 0.028878
Epoch 3050 | recon 0.017398 | sindy 0.199630 (w=1.0000) | active terms: 12 | test 0.028726
Epoch 3100 | recon 0.023252 | sindy 0.189195 (w=1.0000) | active terms: 12 | test 0.033142
Epoch 3150 | recon 0.013923 | sindy 0.202359 (w=1.0000) | active terms: 12 | test 0.030274
Epoch 3200 | recon 0.014248 | sindy 0.185136 (w=1.0000) | active terms: 12 | test 0.029997
Epoch 3250 | recon 0.015233 | sindy 0.165170 (w=1.0000) | active terms: 12 | test 0.027579
Epoch 3300 | recon 0.018340 | sindy 0.193375 (w=1.0000) | active terms: 12 | test 0.027622
Epoch 3350 | recon 0.015889 | sindy 0.159314 (w=1.0000) | active terms: 12 | test 0.023873
Epoch 3400 | recon 0.012663 | sindy 0.161349 (w=1.0000) | active terms: 12 | test 0.029734
Epoch 3450 | recon 0.013717 | sindy 0.169829 (w=1.0000) | active terms: 12 | test 0.026345
Epoch 3500 | recon 0.017622 | sindy 0.195177 (w=1.0000) | active terms: 12 | test 0.021530
Epoch 3550 | recon 0.015959 | sindy 0.169191 (w=1.0000) | active terms: 12 | test 0.024982
Epoch 3600 | recon 0.013635 | sindy 0.159159 (w=1.0000) | active terms: 12 | test 0.027439
Epoch 3650 | recon 0.013348 | sindy 0.186065 (w=1.0000) | active terms: 12 | test 0.022528
Epoch 3700 | recon 0.016606 | sindy 0.163636 (w=1.0000) | active terms: 12 | test 0.021094
Epoch 3750 | recon 0.013795 | sindy 0.172447 (w=1.0000) | active terms: 12 | test 0.022151
Epoch 3800 | recon 0.014230 | sindy 0.205127 (w=1.0000) | active terms: 12 | test 0.023807
Epoch 3850 | recon 0.014717 | sindy 0.177079 (w=1.0000) | active terms: 12 | test 0.029410
Epoch 3900 | recon 0.013341 | sindy 0.201578 (w=1.0000) | active terms: 12 | test 0.023279
Epoch 3950 | recon 0.018146 | sindy 0.209752 (w=1.0000) | active terms: 12 | test 0.021571
Epoch 4000 | recon 0.013217 | sindy 0.191297 (w=1.0000) | active terms: 12 | test 0.023721
Epoch 4050 | recon 0.014413 | sindy 0.187668 (w=1.0000) | active terms: 12 | test 0.023450
Epoch 4100 | recon 0.014782 | sindy 0.221004 (w=1.0000) | active terms: 12 | test 0.019685
Epoch 4150 | recon 0.014801 | sindy 0.238636 (w=1.0000) | active terms: 12 | test 0.022534
Epoch 4200 | recon 0.012874 | sindy 0.241905 (w=1.0000) | active terms: 12 | test 0.025878
Epoch 4250 | recon 0.013980 | sindy 0.214720 (w=1.0000) | active terms: 12 | test 0.024242
Epoch 4300 | recon 0.019865 | sindy 0.250560 (w=1.0000) | active terms: 12 | test 0.019847
Epoch 4350 | recon 0.013919 | sindy 0.291359 (w=1.0000) | active terms: 12 | test 0.019512
Epoch 4400 | recon 0.014901 | sindy 0.317768 (w=1.0000) | active terms: 12 | test 0.019852
Epoch 4450 | recon 0.014183 | sindy 0.296451 (w=1.0000) | active terms: 12 | test 0.020441
Epoch 4500 | recon 0.013943 | sindy 0.342446 (w=1.0000) | active terms: 12 | test 0.023021
Epoch 4550 | recon 0.016242 | sindy 0.383560 (w=1.0000) | active terms: 12 | test 0.025262
Epoch 4600 | recon 0.014179 | sindy 0.485724 (w=1.0000) | active terms: 12 | test 0.022664
Epoch 4650 | recon 0.016166 | sindy 0.698343 (w=1.0000) | active terms: 12 | test 0.020407
Epoch 4700 | recon 0.012177 | sindy 0.608193 (w=1.0000) | active terms: 12 | test 0.018244
Epoch 4750 | recon 0.016330 | sindy 0.755299 (w=1.0000) | active terms: 12 | test 0.017613
Epoch 4800 | recon 0.011874 | sindy 0.685200 (w=1.0000) | active terms: 12 | test 0.017263
Epoch 4850 | recon 0.012690 | sindy 0.658052 (w=1.0000) | active terms: 12 | test 0.015636
Epoch 4900 | recon 0.010382 | sindy 0.584386 (w=1.0000) | active terms: 12 | test 0.015329
Epoch 4950 | recon 0.010955 | sindy 0.793108 (w=1.0000) | active terms: 12 | test 0.015934
Epoch 4999 | recon 0.011291 | sindy 0.647524 (w=1.0000) | active terms: 12 | test 0.017026

Refit phase: freezing encoder, extracting latent trajectories...
  Pre-refit active terms: 12
  Latent trajectory: 1001 points, calling fit() for 3000 epochs
Epoch    0 | deriv 0.173938 | active terms: 12
Epoch   50 | deriv 0.165059 | active terms: 12
Epoch  100 | deriv 0.162923 | active terms: 12
Epoch  150 | deriv 0.161259 | active terms: 12
Epoch  200 | deriv 0.159925 | active terms: 12
Epoch  250 | deriv 0.158816 | active terms: 12
Epoch  300 | deriv 0.157909 | active terms: 12
Epoch  350 | deriv 0.157195 | active terms: 12
Epoch  400 | deriv 0.156655 | active terms: 12
Epoch  450 | deriv 0.156261 | active terms: 12
Epoch  500 | deriv 0.155984 | active terms: 12
Epoch  550 | deriv 0.155796 | active terms: 12
Epoch  600 | deriv 0.155672 | active terms: 12
Epoch  650 | deriv 0.155593 | active terms: 12
Epoch  700 | deriv 0.155544 | active terms: 12
Epoch  750 | deriv 0.155514 | active terms: 12
Epoch  800 | deriv 0.155497 | active terms: 12
Epoch  850 | deriv 0.155487 | active terms: 12
Epoch  900 | deriv 0.155481 | active terms: 12
Epoch  950 | deriv 0.155478 | active terms: 12
Epoch 1000 | deriv 0.155476 | active terms: 12
Epoch 1050 | deriv 0.155475 | active terms: 12
Epoch 1100 | deriv 0.155491 | active terms: 12
Epoch 1150 | deriv 0.155474 | active terms: 12
Epoch 1200 | deriv 0.155474 | active terms: 12
Epoch 1250 | deriv 0.155581 | active terms: 12
Epoch 1300 | deriv 0.155490 | active terms: 12
Epoch 1350 | deriv 0.155508 | active terms: 12
Epoch 1400 | deriv 0.155475 | active terms: 12
Epoch 1450 | deriv 0.155506 | active terms: 12
Epoch 1500 | deriv 0.155485 | active terms: 12
Epoch 1550 | deriv 0.155494 | active terms: 12
Epoch 1600 | deriv 0.155495 | active terms: 12
Epoch 1650 | deriv 0.155494 | active terms: 12
Epoch 1700 | deriv 0.155480 | active terms: 12
Epoch 1750 | deriv 0.155478 | active terms: 12
Epoch 1800 | deriv 0.155488 | active terms: 12
Epoch 1850 | deriv 0.155504 | active terms: 12
Epoch 1900 | deriv 0.155528 | active terms: 12
Epoch 1950 | deriv 0.155476 | active terms: 12
Epoch 2000 | deriv 0.155484 | active terms: 12
Epoch 2050 | deriv 0.155493 | active terms: 12
Epoch 2100 | deriv 0.155478 | active terms: 12
Epoch 2150 | deriv 0.155480 | active terms: 12
Epoch 2200 | deriv 0.155498 | active terms: 12
Epoch 2250 | deriv 0.155479 | active terms: 12
Epoch 2300 | deriv 0.155500 | active terms: 12
Epoch 2350 | deriv 0.155507 | active terms: 12
Epoch 2400 | deriv 0.155498 | active terms: 12
Epoch 2450 | deriv 0.155480 | active terms: 12
Epoch 2500 | deriv 0.155503 | active terms: 12
Epoch 2550 | deriv 0.155479 | active terms: 12
Epoch 2600 | deriv 0.155507 | active terms: 12
Epoch 2650 | deriv 0.156238 | active terms: 12
Epoch 2700 | deriv 0.155488 | active terms: 12
Epoch 2750 | deriv 0.155477 | active terms: 12
Epoch 2800 | deriv 0.155605 | active terms: 12
Epoch 2850 | deriv 0.155481 | active terms: 12
Epoch 2900 | deriv 0.155498 | active terms: 12
Epoch 2950 | deriv 0.155490 | active terms: 12
Epoch 2999 | deriv 0.155479 | active terms: 12

Refit phase: 600 epochs, lr=1.0e-02, l2=0, mask frozen (12 active terms)
Refit    0 | deriv 0.155478
Refit   50 | deriv 0.155475
Refit  100 | deriv 0.155473
Refit  150 | deriv 0.155473
Refit  200 | deriv 0.155473
Refit  250 | deriv 0.155473
Refit  300 | deriv 0.155473
Refit  350 | deriv 0.155473
Refit  400 | deriv 0.155473
Refit  450 | deriv 0.155473
Refit  500 | deriv 0.155473
Refit  550 | deriv 0.155473
Refit  599 | deriv 0.155473

============================================================
RESULT [sw1.0_l1]
  Recon: 5.25%  |  Forecast: DIVERGED
  Active terms: 12  |  Time: 113s
  dz1/dt = 12.157 + 6.971*z1 + 6.306*z2 + 27.174*z3
  dz2/dt = 4.917 + 12.106*z1 - 8.357*z2 + 10.083*z3
  dz3/dt = -0.462 - 24.877*z1 + 28.695*z2 + 1.399*z3
============================================================

  (saved to sst_hpo_results.json)


######################################################################
Config [13/14]: dlr0.1
  sindy_weight=0.1, l1=0, warmup=2500, epochs=5000, refit=3000, prune=0.0, dynamics_lr=0.1
######################################################################

Epoch    0 | recon 0.212974 | active terms: 12 | test 0.235183
Epoch   50 | recon 0.020713 | sindy 10.736171 (w=0.0001) | active terms: 12 | test 0.022377
Epoch  100 | recon 0.018043 | sindy 12.593995 (w=0.0002) | active terms: 12 | test 0.020308
Epoch  150 | recon 0.015262 | sindy 12.679103 (w=0.0002) | active terms: 12 | test 0.018364
Epoch  200 | recon 0.013962 | sindy 12.003825 (w=0.0003) | active terms: 12 | test 0.017485
Epoch  250 | recon 0.013449 | sindy 11.916520 (w=0.0004) | active terms: 12 | test 0.016428
Epoch  300 | recon 0.012667 | sindy 9.834474 (w=0.0006) | active terms: 12 | test 0.016066
Epoch  350 | recon 0.011344 | sindy 8.036879 (w=0.0007) | active terms: 12 | test 0.014796
Epoch  400 | recon 0.012596 | sindy 7.053804 (w=0.0008) | active terms: 12 | test 0.013823
Epoch  450 | recon 0.010205 | sindy 6.640376 (w=0.0010) | active terms: 12 | test 0.013495
Epoch  500 | recon 0.010098 | sindy 6.120666 (w=0.0012) | active terms: 12 | test 0.013484
Epoch  550 | recon 0.010772 | sindy 6.187302 (w=0.0014) | active terms: 12 | test 0.013189
Epoch  600 | recon 0.009738 | sindy 5.884634 (w=0.0016) | active terms: 12 | test 0.013136
Epoch  650 | recon 0.010267 | sindy 5.227910 (w=0.0018) | active terms: 12 | test 0.013040
Epoch  700 | recon 0.009798 | sindy 5.267029 (w=0.0021) | active terms: 12 | test 0.012741
Epoch  750 | recon 0.010111 | sindy 4.728166 (w=0.0024) | active terms: 12 | test 0.013437
Epoch  800 | recon 0.009588 | sindy 4.411514 (w=0.0027) | active terms: 12 | test 0.013123
Epoch  850 | recon 0.009404 | sindy 4.229829 (w=0.0030) | active terms: 12 | test 0.012760
Epoch  900 | recon 0.009682 | sindy 3.919262 (w=0.0034) | active terms: 12 | test 0.013439
Epoch  950 | recon 0.009455 | sindy 3.687517 (w=0.0039) | active terms: 12 | test 0.012943
Epoch 1000 | recon 0.010085 | sindy 3.363330 (w=0.0043) | active terms: 12 | test 0.012798
Epoch 1050 | recon 0.009705 | sindy 3.208371 (w=0.0049) | active terms: 12 | test 0.012916
Epoch 1100 | recon 0.009703 | sindy 3.401839 (w=0.0054) | active terms: 12 | test 0.013911
Epoch 1150 | recon 0.010752 | sindy 3.251275 (w=0.0061) | active terms: 12 | test 0.014173
Epoch 1200 | recon 0.009526 | sindy 3.631895 (w=0.0068) | active terms: 12 | test 0.015397
Epoch 1250 | recon 0.010966 | sindy 4.282083 (w=0.0076) | active terms: 12 | test 0.014934
Epoch 1300 | recon 0.011879 | sindy 4.847596 (w=0.0085) | active terms: 12 | test 0.017846
Epoch 1350 | recon 0.012282 | sindy 6.585582 (w=0.0094) | active terms: 12 | test 0.017250
Epoch 1400 | recon 0.012995 | sindy 7.762099 (w=0.0105) | active terms: 12 | test 0.016851
Epoch 1450 | recon 0.011172 | sindy 9.293539 (w=0.0117) | active terms: 12 | test 0.015895
Epoch 1500 | recon 0.011365 | sindy 11.492680 (w=0.0129) | active terms: 12 | test 0.014840
Epoch 1550 | recon 0.012014 | sindy 14.724293 (w=0.0144) | active terms: 12 | test 0.014254
Epoch 1600 | recon 0.011826 | sindy 10.940563 (w=0.0160) | active terms: 12 | test 0.016375
Epoch 1650 | recon 0.011522 | sindy 11.454091 (w=0.0177) | active terms: 12 | test 0.017903
Epoch 1700 | recon 0.011131 | sindy 12.449922 (w=0.0196) | active terms: 12 | test 0.015373
Epoch 1750 | recon 0.010844 | sindy 10.909444 (w=0.0218) | active terms: 12 | test 0.015691
Epoch 1800 | recon 0.012308 | sindy 11.972198 (w=0.0241) | active terms: 12 | test 0.019794
Epoch 1850 | recon 0.011778 | sindy 16.694426 (w=0.0268) | active terms: 12 | test 0.014938
Epoch 1900 | recon 0.010235 | sindy 14.968089 (w=0.0296) | active terms: 12 | test 0.016745
Epoch 1950 | recon 0.015203 | sindy 13.952937 (w=0.0328) | active terms: 12 | test 0.014672
Epoch 2000 | recon 0.012172 | sindy 16.100344 (w=0.0364) | active terms: 12 | test 0.015840
Epoch 2050 | recon 0.015458 | sindy 18.088451 (w=0.0403) | active terms: 12 | test 0.014955
Epoch 2100 | recon 0.018100 | sindy 20.928524 (w=0.0446) | active terms: 12 | test 0.015631
Epoch 2150 | recon 0.011972 | sindy 20.153931 (w=0.0493) | active terms: 12 | test 0.015252
Epoch 2200 | recon 0.012663 | sindy 23.516972 (w=0.0546) | active terms: 12 | test 0.015127
Epoch 2250 | recon 0.014861 | sindy 22.927258 (w=0.0604) | active terms: 12 | test 0.016035
Epoch 2300 | recon 0.014344 | sindy 22.404676 (w=0.0668) | active terms: 12 | test 0.016437
Epoch 2350 | recon 0.014632 | sindy 17.480618 (w=0.0739) | active terms: 12 | test 0.015905
Epoch 2400 | recon 0.020163 | sindy 1.306360 (w=0.0818) | active terms: 12 | test 0.025741
Epoch 2450 | recon 0.031980 | sindy 0.155403 (w=0.0904) | active terms: 12 | test 0.028414
--- Epoch 2500: E_sindy ramp complete (weight=0.1000) ---
Epoch 2500 | recon 0.019955 | sindy 0.150075 (w=0.1000) | active terms: 12 | test 0.021368
Epoch 2550 | recon 0.017544 | sindy 0.122890 (w=0.1000) | active terms: 12 | test 0.020055
Epoch 2600 | recon 0.018135 | sindy 0.114633 (w=0.1000) | active terms: 12 | test 0.019930
Epoch 2650 | recon 0.016330 | sindy 0.108947 (w=0.1000) | active terms: 12 | test 0.019430
Epoch 2700 | recon 0.014508 | sindy 0.102766 (w=0.1000) | active terms: 12 | test 0.018216
Epoch 2750 | recon 0.015678 | sindy 0.098341 (w=0.1000) | active terms: 12 | test 0.019553
Epoch 2800 | recon 0.015342 | sindy 0.087106 (w=0.1000) | active terms: 12 | test 0.018597
Epoch 2850 | recon 0.019274 | sindy 0.082512 (w=0.1000) | active terms: 12 | test 0.019803
Epoch 2900 | recon 0.014079 | sindy 0.081283 (w=0.1000) | active terms: 12 | test 0.017268
Epoch 2950 | recon 0.014372 | sindy 0.075389 (w=0.1000) | active terms: 12 | test 0.016676
Epoch 3000 | recon 0.015585 | sindy 0.074867 (w=0.1000) | active terms: 12 | test 0.016954
Epoch 3050 | recon 0.013965 | sindy 0.068036 (w=0.1000) | active terms: 12 | test 0.016899
Epoch 3100 | recon 0.013171 | sindy 0.070927 (w=0.1000) | active terms: 12 | test 0.016272
Epoch 3150 | recon 0.014002 | sindy 0.065633 (w=0.1000) | active terms: 12 | test 0.015840
Epoch 3200 | recon 0.012453 | sindy 0.062575 (w=0.1000) | active terms: 12 | test 0.015109
Epoch 3250 | recon 0.013631 | sindy 0.062129 (w=0.1000) | active terms: 12 | test 0.017634
Epoch 3300 | recon 0.012924 | sindy 0.059900 (w=0.1000) | active terms: 12 | test 0.015031
Epoch 3350 | recon 0.011284 | sindy 0.055163 (w=0.1000) | active terms: 12 | test 0.014782
Epoch 3400 | recon 0.014684 | sindy 0.057330 (w=0.1000) | active terms: 12 | test 0.016686
Epoch 3450 | recon 0.011430 | sindy 0.054654 (w=0.1000) | active terms: 12 | test 0.013783
Epoch 3500 | recon 0.010647 | sindy 0.051128 (w=0.1000) | active terms: 12 | test 0.014153
Epoch 3550 | recon 0.014229 | sindy 0.050986 (w=0.1000) | active terms: 12 | test 0.015006
Epoch 3600 | recon 0.011413 | sindy 0.050738 (w=0.1000) | active terms: 12 | test 0.013917
Epoch 3650 | recon 0.011033 | sindy 0.049693 (w=0.1000) | active terms: 12 | test 0.014741
Epoch 3700 | recon 0.011322 | sindy 0.046802 (w=0.1000) | active terms: 12 | test 0.014024
Epoch 3750 | recon 0.010193 | sindy 0.045607 (w=0.1000) | active terms: 12 | test 0.014508
Epoch 3800 | recon 0.011304 | sindy 0.044891 (w=0.1000) | active terms: 12 | test 0.013434
Epoch 3850 | recon 0.010912 | sindy 0.043482 (w=0.1000) | active terms: 12 | test 0.014030
Epoch 3900 | recon 0.011919 | sindy 0.040543 (w=0.1000) | active terms: 12 | test 0.013533
Epoch 3950 | recon 0.010199 | sindy 0.038477 (w=0.1000) | active terms: 12 | test 0.013944
Epoch 4000 | recon 0.010958 | sindy 0.038067 (w=0.1000) | active terms: 12 | test 0.013927
Epoch 4050 | recon 0.011237 | sindy 0.038088 (w=0.1000) | active terms: 12 | test 0.013213
Epoch 4100 | recon 0.011320 | sindy 0.036386 (w=0.1000) | active terms: 12 | test 0.013754
Epoch 4150 | recon 0.010711 | sindy 0.035337 (w=0.1000) | active terms: 12 | test 0.014240
Epoch 4200 | recon 0.011320 | sindy 0.035036 (w=0.1000) | active terms: 12 | test 0.013269
Epoch 4250 | recon 0.010413 | sindy 0.032529 (w=0.1000) | active terms: 12 | test 0.013669
Epoch 4300 | recon 0.011171 | sindy 0.031348 (w=0.1000) | active terms: 12 | test 0.013322
Epoch 4350 | recon 0.011076 | sindy 0.030630 (w=0.1000) | active terms: 12 | test 0.013679
Epoch 4400 | recon 0.011001 | sindy 0.032801 (w=0.1000) | active terms: 12 | test 0.013433
Epoch 4450 | recon 0.010825 | sindy 0.031097 (w=0.1000) | active terms: 12 | test 0.013665
Epoch 4500 | recon 0.010767 | sindy 0.030842 (w=0.1000) | active terms: 12 | test 0.015589
Epoch 4550 | recon 0.010757 | sindy 0.029078 (w=0.1000) | active terms: 12 | test 0.013125
Epoch 4600 | recon 0.011538 | sindy 0.030846 (w=0.1000) | active terms: 12 | test 0.016298
Epoch 4650 | recon 0.010610 | sindy 0.031692 (w=0.1000) | active terms: 12 | test 0.012939
Epoch 4700 | recon 0.010522 | sindy 0.027925 (w=0.1000) | active terms: 12 | test 0.013738
Epoch 4750 | recon 0.010002 | sindy 0.028974 (w=0.1000) | active terms: 12 | test 0.013321
Epoch 4800 | recon 0.010695 | sindy 0.029657 (w=0.1000) | active terms: 12 | test 0.013273
Epoch 4850 | recon 0.010591 | sindy 0.028855 (w=0.1000) | active terms: 12 | test 0.012989
Epoch 4900 | recon 0.009815 | sindy 0.025301 (w=0.1000) | active terms: 12 | test 0.013113
Epoch 4950 | recon 0.010279 | sindy 0.026496 (w=0.1000) | active terms: 12 | test 0.013007
Epoch 4999 | recon 0.010136 | sindy 0.028051 (w=0.1000) | active terms: 12 | test 0.013443

Refit phase: freezing encoder, extracting latent trajectories...
  Pre-refit active terms: 12
  Latent trajectory: 1001 points, calling fit() for 3000 epochs
Epoch    0 | deriv 0.011606 | active terms: 12
Epoch   50 | deriv 0.011717 | active terms: 12
Epoch  100 | deriv 0.011429 | active terms: 12
Epoch  150 | deriv 0.011353 | active terms: 12
Epoch  200 | deriv 0.011268 | active terms: 12
Epoch  250 | deriv 0.011173 | active terms: 12
Epoch  300 | deriv 0.011072 | active terms: 12
Epoch  350 | deriv 0.010964 | active terms: 12
Epoch  400 | deriv 0.010852 | active terms: 12
Epoch  450 | deriv 0.010735 | active terms: 12
Epoch  500 | deriv 0.010615 | active terms: 12
Epoch  550 | deriv 0.010492 | active terms: 12
Epoch  600 | deriv 0.010367 | active terms: 12
Epoch  650 | deriv 0.010239 | active terms: 12
Epoch  700 | deriv 0.010109 | active terms: 12
Epoch  750 | deriv 0.009978 | active terms: 12
Epoch  800 | deriv 0.009845 | active terms: 12
Epoch  850 | deriv 0.009712 | active terms: 12
Epoch  900 | deriv 0.009578 | active terms: 12
Epoch  950 | deriv 0.009443 | active terms: 12
Epoch 1000 | deriv 0.009308 | active terms: 12
Epoch 1050 | deriv 0.009174 | active terms: 12
Epoch 1100 | deriv 0.009040 | active terms: 12
Epoch 1150 | deriv 0.008907 | active terms: 12
Epoch 1200 | deriv 0.008776 | active terms: 12
Epoch 1250 | deriv 0.008645 | active terms: 12
Epoch 1300 | deriv 0.008517 | active terms: 12
Epoch 1350 | deriv 0.008391 | active terms: 12
Epoch 1400 | deriv 0.008267 | active terms: 12
Epoch 1450 | deriv 0.008145 | active terms: 12
Epoch 1500 | deriv 0.008026 | active terms: 12
Epoch 1550 | deriv 0.007910 | active terms: 12
Epoch 1600 | deriv 0.007798 | active terms: 12
Epoch 1650 | deriv 0.007688 | active terms: 12
Epoch 1700 | deriv 0.007582 | active terms: 12
Epoch 1750 | deriv 0.007479 | active terms: 12
Epoch 1800 | deriv 0.007380 | active terms: 12
Epoch 1850 | deriv 0.007285 | active terms: 12
Epoch 1900 | deriv 0.007193 | active terms: 12
Epoch 1950 | deriv 0.007171 | active terms: 12
Epoch 2000 | deriv 0.007146 | active terms: 12
Epoch 2050 | deriv 0.006963 | active terms: 12
Epoch 2100 | deriv 0.006884 | active terms: 12
Epoch 2150 | deriv 0.006908 | active terms: 12
Epoch 2200 | deriv 0.006775 | active terms: 12
Epoch 2250 | deriv 0.006927 | active terms: 12
Epoch 2300 | deriv 0.006696 | active terms: 12
Epoch 2350 | deriv 0.006601 | active terms: 12
Epoch 2400 | deriv 0.006607 | active terms: 12
Epoch 2450 | deriv 0.006687 | active terms: 12
Epoch 2500 | deriv 0.006636 | active terms: 12
Epoch 2550 | deriv 0.006571 | active terms: 12
Epoch 2600 | deriv 0.006441 | active terms: 12
Epoch 2650 | deriv 0.006375 | active terms: 12
Epoch 2700 | deriv 0.006574 | active terms: 12
Epoch 2750 | deriv 0.006464 | active terms: 12
Epoch 2800 | deriv 0.006288 | active terms: 12
Epoch 2850 | deriv 0.006284 | active terms: 12
Epoch 2900 | deriv 0.006234 | active terms: 12
Epoch 2950 | deriv 0.006258 | active terms: 12
Epoch 2999 | deriv 0.006239 | active terms: 12

Refit phase: 600 epochs, lr=2.0e-02, l2=0, mask frozen (12 active terms)
Refit    0 | deriv 0.006240
Refit   50 | deriv 0.006183
Refit  100 | deriv 0.006171
Refit  150 | deriv 0.006167
Refit  200 | deriv 0.006162
Refit  250 | deriv 0.006157
Refit  300 | deriv 0.006151
Refit  350 | deriv 0.006145
Refit  400 | deriv 0.006139
Refit  450 | deriv 0.006132
Refit  500 | deriv 0.006124
Refit  550 | deriv 0.006117
Refit  599 | deriv 0.006109

============================================================
RESULT [dlr0.1]
  Recon: 4.28%  |  Forecast: 129.23%
  Active terms: 12  |  Time: 112s
  dz1/dt = 5.933 + 17.161*z1 - 14.434*z2 + 14.022*z3
  dz2/dt = -10.284 + 18.627*z1 + 5.116*z2 + 12.319*z3
  dz3/dt = -0.566 - 29.335*z1 + 12.994*z2 - 22.146*z3
============================================================

  (saved to sst_hpo_results.json)


######################################################################
Config [14/14]: refit5k
  sindy_weight=0.1, l1=0, warmup=2500, epochs=5000, refit=5000, prune=0.0, dynamics_lr=0.05
######################################################################

Epoch    0 | recon 0.212974 | active terms: 12 | test 0.235183
Epoch   50 | recon 0.020714 | sindy 10.782118 (w=0.0001) | active terms: 12 | test 0.022377
Epoch  100 | recon 0.018044 | sindy 12.628701 (w=0.0002) | active terms: 12 | test 0.020300
Epoch  150 | recon 0.015261 | sindy 12.706228 (w=0.0002) | active terms: 12 | test 0.018329
Epoch  200 | recon 0.013964 | sindy 12.043284 (w=0.0003) | active terms: 12 | test 0.017480
Epoch  250 | recon 0.013469 | sindy 12.137139 (w=0.0004) | active terms: 12 | test 0.016452
Epoch  300 | recon 0.012967 | sindy 10.342122 (w=0.0006) | active terms: 12 | test 0.016243
Epoch  350 | recon 0.011451 | sindy 8.368137 (w=0.0007) | active terms: 12 | test 0.014978
Epoch  400 | recon 0.012768 | sindy 7.295067 (w=0.0008) | active terms: 12 | test 0.014001
Epoch  450 | recon 0.010346 | sindy 6.794602 (w=0.0010) | active terms: 12 | test 0.013550
Epoch  500 | recon 0.010115 | sindy 6.223228 (w=0.0012) | active terms: 12 | test 0.013539
Epoch  550 | recon 0.010803 | sindy 6.284933 (w=0.0014) | active terms: 12 | test 0.013206
Epoch  600 | recon 0.009756 | sindy 5.942310 (w=0.0016) | active terms: 12 | test 0.013114
Epoch  650 | recon 0.010215 | sindy 5.250244 (w=0.0018) | active terms: 12 | test 0.013032
Epoch  700 | recon 0.009856 | sindy 5.277962 (w=0.0021) | active terms: 12 | test 0.012725
Epoch  750 | recon 0.010106 | sindy 4.763618 (w=0.0024) | active terms: 12 | test 0.013470
Epoch  800 | recon 0.009610 | sindy 4.447218 (w=0.0027) | active terms: 12 | test 0.013114
Epoch  850 | recon 0.009448 | sindy 4.276192 (w=0.0030) | active terms: 12 | test 0.012777
Epoch  900 | recon 0.009654 | sindy 3.980288 (w=0.0034) | active terms: 12 | test 0.013423
Epoch  950 | recon 0.009449 | sindy 3.742313 (w=0.0039) | active terms: 12 | test 0.012888
Epoch 1000 | recon 0.010027 | sindy 3.419851 (w=0.0043) | active terms: 12 | test 0.012789
Epoch 1050 | recon 0.009796 | sindy 3.310133 (w=0.0049) | active terms: 12 | test 0.012930
Epoch 1100 | recon 0.009962 | sindy 3.507864 (w=0.0054) | active terms: 12 | test 0.014205
Epoch 1150 | recon 0.010849 | sindy 3.428694 (w=0.0061) | active terms: 12 | test 0.014385
Epoch 1200 | recon 0.009810 | sindy 3.997300 (w=0.0068) | active terms: 12 | test 0.015705
Epoch 1250 | recon 0.011567 | sindy 4.973769 (w=0.0076) | active terms: 12 | test 0.015638
Epoch 1300 | recon 0.012593 | sindy 5.940584 (w=0.0085) | active terms: 12 | test 0.020331
Epoch 1350 | recon 0.014283 | sindy 8.275490 (w=0.0094) | active terms: 12 | test 0.020686
Epoch 1400 | recon 0.015579 | sindy 10.131139 (w=0.0105) | active terms: 12 | test 0.025621
Epoch 1450 | recon 0.015523 | sindy 10.904533 (w=0.0117) | active terms: 12 | test 0.022225
Epoch 1500 | recon 0.014020 | sindy 23.956802 (w=0.0129) | active terms: 12 | test 0.016848
Epoch 1550 | recon 0.016285 | sindy 64.120689 (w=0.0144) | active terms: 12 | test 0.019346
Epoch 1600 | recon 0.015216 | sindy 46.426365 (w=0.0160) | active terms: 12 | test 0.019808
Epoch 1650 | recon 0.014645 | sindy 42.119652 (w=0.0177) | active terms: 12 | test 0.018148
Epoch 1700 | recon 0.015076 | sindy 25.085030 (w=0.0196) | active terms: 12 | test 0.020013
Epoch 1750 | recon 0.013683 | sindy 23.114994 (w=0.0218) | active terms: 12 | test 0.018376
Epoch 1800 | recon 0.014384 | sindy 20.597351 (w=0.0241) | active terms: 12 | test 0.019019
Epoch 1850 | recon 0.015385 | sindy 19.076277 (w=0.0268) | active terms: 12 | test 0.019634
Epoch 1900 | recon 0.016877 | sindy 18.251896 (w=0.0296) | active terms: 12 | test 0.019559
Epoch 1950 | recon 0.014244 | sindy 17.902258 (w=0.0328) | active terms: 12 | test 0.020558
Epoch 2000 | recon 0.014207 | sindy 16.564640 (w=0.0364) | active terms: 12 | test 0.020476
Epoch 2050 | recon 0.014625 | sindy 16.353996 (w=0.0403) | active terms: 12 | test 0.020741
Epoch 2100 | recon 0.014462 | sindy 16.865299 (w=0.0446) | active terms: 12 | test 0.021683
Epoch 2150 | recon 0.018461 | sindy 15.985561 (w=0.0493) | active terms: 12 | test 0.022931
Epoch 2200 | recon 0.019956 | sindy 15.210975 (w=0.0546) | active terms: 12 | test 0.023230
Epoch 2250 | recon 0.023906 | sindy 14.038036 (w=0.0604) | active terms: 12 | test 0.027613
Epoch 2300 | recon 0.022390 | sindy 14.101841 (w=0.0668) | active terms: 12 | test 0.025309
Epoch 2350 | recon 0.026354 | sindy 13.379573 (w=0.0739) | active terms: 12 | test 0.029471
Epoch 2400 | recon 0.028990 | sindy 12.399526 (w=0.0818) | active terms: 12 | test 0.029453
Epoch 2450 | recon 0.025585 | sindy 10.324891 (w=0.0904) | active terms: 12 | test 0.030688
--- Epoch 2500: E_sindy ramp complete (weight=0.1000) ---
Epoch 2500 | recon 0.026541 | sindy 9.891661 (w=0.1000) | active terms: 12 | test 0.031592
Epoch 2550 | recon 0.028227 | sindy 2.690828 (w=0.1000) | active terms: 12 | test 0.029475
Epoch 2600 | recon 0.022076 | sindy 1.467634 (w=0.1000) | active terms: 12 | test 0.024046
Epoch 2650 | recon 0.021395 | sindy 1.182758 (w=0.1000) | active terms: 12 | test 0.022836
Epoch 2700 | recon 0.021148 | sindy 0.941240 (w=0.1000) | active terms: 12 | test 0.022122
Epoch 2750 | recon 0.016992 | sindy 0.832673 (w=0.1000) | active terms: 12 | test 0.022470
Epoch 2800 | recon 0.019537 | sindy 0.817900 (w=0.1000) | active terms: 12 | test 0.023483
Epoch 2850 | recon 0.018556 | sindy 0.624300 (w=0.1000) | active terms: 12 | test 0.020847
Epoch 2900 | recon 0.016290 | sindy 0.519995 (w=0.1000) | active terms: 12 | test 0.020087
Epoch 2950 | recon 0.017974 | sindy 0.480422 (w=0.1000) | active terms: 12 | test 0.020773
Epoch 3000 | recon 0.016747 | sindy 0.412928 (w=0.1000) | active terms: 12 | test 0.019161
Epoch 3050 | recon 0.016169 | sindy 0.347422 (w=0.1000) | active terms: 12 | test 0.019042
Epoch 3100 | recon 0.016453 | sindy 0.349984 (w=0.1000) | active terms: 12 | test 0.019373
Epoch 3150 | recon 0.016498 | sindy 0.288959 (w=0.1000) | active terms: 12 | test 0.019848
Epoch 3200 | recon 0.014491 | sindy 0.261893 (w=0.1000) | active terms: 12 | test 0.018155
Epoch 3250 | recon 0.015874 | sindy 0.251812 (w=0.1000) | active terms: 12 | test 0.018606
Epoch 3300 | recon 0.016012 | sindy 0.243856 (w=0.1000) | active terms: 12 | test 0.018235
Epoch 3350 | recon 0.015066 | sindy 0.207797 (w=0.1000) | active terms: 12 | test 0.017752
Epoch 3400 | recon 0.014432 | sindy 0.186787 (w=0.1000) | active terms: 12 | test 0.018158
Epoch 3450 | recon 0.014899 | sindy 0.196110 (w=0.1000) | active terms: 12 | test 0.018055
Epoch 3500 | recon 0.014798 | sindy 0.169849 (w=0.1000) | active terms: 12 | test 0.017513
Epoch 3550 | recon 0.014414 | sindy 0.161318 (w=0.1000) | active terms: 12 | test 0.017387
Epoch 3600 | recon 0.014573 | sindy 0.137427 (w=0.1000) | active terms: 12 | test 0.017871
Epoch 3650 | recon 0.015122 | sindy 0.137287 (w=0.1000) | active terms: 12 | test 0.019342
Epoch 3700 | recon 0.013842 | sindy 0.151016 (w=0.1000) | active terms: 12 | test 0.017521
Epoch 3750 | recon 0.014885 | sindy 0.141623 (w=0.1000) | active terms: 12 | test 0.016741
Epoch 3800 | recon 0.014480 | sindy 0.125723 (w=0.1000) | active terms: 12 | test 0.017465
Epoch 3850 | recon 0.015859 | sindy 0.129522 (w=0.1000) | active terms: 12 | test 0.019537
Epoch 3900 | recon 0.013762 | sindy 0.123546 (w=0.1000) | active terms: 12 | test 0.017194
Epoch 3950 | recon 0.013671 | sindy 0.123363 (w=0.1000) | active terms: 12 | test 0.017462
Epoch 4000 | recon 0.013118 | sindy 0.116400 (w=0.1000) | active terms: 12 | test 0.016479
Epoch 4050 | recon 0.014960 | sindy 0.112959 (w=0.1000) | active terms: 12 | test 0.016494
Epoch 4100 | recon 0.013117 | sindy 0.117230 (w=0.1000) | active terms: 12 | test 0.016901
Epoch 4150 | recon 0.012252 | sindy 0.106958 (w=0.1000) | active terms: 12 | test 0.015867
Epoch 4200 | recon 0.013784 | sindy 0.108054 (w=0.1000) | active terms: 12 | test 0.016835
Epoch 4250 | recon 0.013868 | sindy 0.100236 (w=0.1000) | active terms: 12 | test 0.015990
Epoch 4300 | recon 0.012306 | sindy 0.100663 (w=0.1000) | active terms: 12 | test 0.016011
Epoch 4350 | recon 0.012926 | sindy 0.098282 (w=0.1000) | active terms: 12 | test 0.015611
Epoch 4400 | recon 0.012999 | sindy 0.090688 (w=0.1000) | active terms: 12 | test 0.015368
Epoch 4450 | recon 0.012384 | sindy 0.095660 (w=0.1000) | active terms: 12 | test 0.015311
Epoch 4500 | recon 0.011612 | sindy 0.084568 (w=0.1000) | active terms: 12 | test 0.015752
Epoch 4550 | recon 0.011530 | sindy 0.081348 (w=0.1000) | active terms: 12 | test 0.015383
Epoch 4600 | recon 0.010896 | sindy 0.080153 (w=0.1000) | active terms: 12 | test 0.015129
Epoch 4650 | recon 0.011399 | sindy 0.078842 (w=0.1000) | active terms: 12 | test 0.015226
Epoch 4700 | recon 0.012132 | sindy 0.082363 (w=0.1000) | active terms: 12 | test 0.014588
Epoch 4750 | recon 0.011379 | sindy 0.074672 (w=0.1000) | active terms: 12 | test 0.015043
Epoch 4800 | recon 0.011183 | sindy 0.074748 (w=0.1000) | active terms: 12 | test 0.014925
Epoch 4850 | recon 0.011650 | sindy 0.072944 (w=0.1000) | active terms: 12 | test 0.014564
Epoch 4900 | recon 0.011829 | sindy 0.069105 (w=0.1000) | active terms: 12 | test 0.014938
Epoch 4950 | recon 0.011126 | sindy 0.069713 (w=0.1000) | active terms: 12 | test 0.014619
Epoch 4999 | recon 0.011334 | sindy 0.063279 (w=0.1000) | active terms: 12 | test 0.014416

Refit phase: freezing encoder, extracting latent trajectories...
  Pre-refit active terms: 12
  Latent trajectory: 1001 points, calling fit() for 5000 epochs
Epoch    0 | deriv 0.036871 | active terms: 12
Epoch   50 | deriv 0.035375 | active terms: 12
Epoch  100 | deriv 0.034537 | active terms: 12
Epoch  150 | deriv 0.033728 | active terms: 12
Epoch  200 | deriv 0.032963 | active terms: 12
Epoch  250 | deriv 0.032219 | active terms: 12
Epoch  300 | deriv 0.031472 | active terms: 12
Epoch  350 | deriv 0.030708 | active terms: 12
Epoch  400 | deriv 0.029923 | active terms: 12
Epoch  450 | deriv 0.029122 | active terms: 12
Epoch  500 | deriv 0.028310 | active terms: 12
Epoch  550 | deriv 0.027493 | active terms: 12
Epoch  600 | deriv 0.026676 | active terms: 12
Epoch  650 | deriv 0.025864 | active terms: 12
Epoch  700 | deriv 0.025061 | active terms: 12
Epoch  750 | deriv 0.024272 | active terms: 12
Epoch  800 | deriv 0.023499 | active terms: 12
Epoch  850 | deriv 0.022746 | active terms: 12
Epoch  900 | deriv 0.022014 | active terms: 12
Epoch  950 | deriv 0.021306 | active terms: 12
Epoch 1000 | deriv 0.020624 | active terms: 12
Epoch 1050 | deriv 0.019967 | active terms: 12
Epoch 1100 | deriv 0.019339 | active terms: 12
Epoch 1150 | deriv 0.018739 | active terms: 12
Epoch 1200 | deriv 0.018168 | active terms: 12
Epoch 1250 | deriv 0.017626 | active terms: 12
Epoch 1300 | deriv 0.017113 | active terms: 12
Epoch 1350 | deriv 0.016635 | active terms: 12
Epoch 1400 | deriv 0.016174 | active terms: 12
Epoch 1450 | deriv 0.015747 | active terms: 12
Epoch 1500 | deriv 0.015348 | active terms: 12
Epoch 1550 | deriv 0.014989 | active terms: 12
Epoch 1600 | deriv 0.014634 | active terms: 12
Epoch 1650 | deriv 0.014310 | active terms: 12
Epoch 1700 | deriv 0.014017 | active terms: 12
Epoch 1750 | deriv 0.013760 | active terms: 12
Epoch 1800 | deriv 0.013529 | active terms: 12
Epoch 1850 | deriv 0.013334 | active terms: 12
Epoch 1900 | deriv 0.013125 | active terms: 12
Epoch 1950 | deriv 0.012953 | active terms: 12
Epoch 2000 | deriv 0.012794 | active terms: 12
Epoch 2050 | deriv 0.012653 | active terms: 12
Epoch 2100 | deriv 0.012511 | active terms: 12
Epoch 2150 | deriv 0.012407 | active terms: 12
Epoch 2200 | deriv 0.012292 | active terms: 12
Epoch 2250 | deriv 0.012204 | active terms: 12
Epoch 2300 | deriv 0.012119 | active terms: 12
Epoch 2350 | deriv 0.012056 | active terms: 12
Epoch 2400 | deriv 0.011975 | active terms: 12
Epoch 2450 | deriv 0.011913 | active terms: 12
Epoch 2500 | deriv 0.011863 | active terms: 12
Epoch 2550 | deriv 0.011808 | active terms: 12
Epoch 2600 | deriv 0.011764 | active terms: 12
Epoch 2650 | deriv 0.011716 | active terms: 12
Epoch 2700 | deriv 0.011678 | active terms: 12
Epoch 2750 | deriv 0.011658 | active terms: 12
Epoch 2800 | deriv 0.011618 | active terms: 12
Epoch 2850 | deriv 0.011598 | active terms: 12
Epoch 2900 | deriv 0.011558 | active terms: 12
Epoch 2950 | deriv 0.011543 | active terms: 12
Epoch 3000 | deriv 0.011526 | active terms: 12
Epoch 3050 | deriv 0.011509 | active terms: 12
Epoch 3100 | deriv 0.011480 | active terms: 12
Epoch 3150 | deriv 0.011476 | active terms: 12
Epoch 3200 | deriv 0.011458 | active terms: 12
Epoch 3250 | deriv 0.011449 | active terms: 12
Epoch 3300 | deriv 0.011437 | active terms: 12
Epoch 3350 | deriv 0.011419 | active terms: 12
Epoch 3400 | deriv 0.011421 | active terms: 12
Epoch 3450 | deriv 0.011401 | active terms: 12
Epoch 3500 | deriv 0.011404 | active terms: 12
Epoch 3550 | deriv 0.011390 | active terms: 12
Epoch 3600 | deriv 0.011387 | active terms: 12
Epoch 3650 | deriv 0.011375 | active terms: 12
Epoch 3700 | deriv 0.011357 | active terms: 12
Epoch 3750 | deriv 0.011351 | active terms: 12
Epoch 3800 | deriv 0.011375 | active terms: 12
Epoch 3850 | deriv 0.011348 | active terms: 12
Epoch 3900 | deriv 0.011338 | active terms: 12
Epoch 3950 | deriv 0.011344 | active terms: 12
Epoch 4000 | deriv 0.011327 | active terms: 12
Epoch 4050 | deriv 0.011343 | active terms: 12
Epoch 4100 | deriv 0.011321 | active terms: 12
Epoch 4150 | deriv 0.011322 | active terms: 12
Epoch 4200 | deriv 0.011309 | active terms: 12
Epoch 4250 | deriv 0.011294 | active terms: 12
Epoch 4300 | deriv 0.011300 | active terms: 12
Epoch 4350 | deriv 0.011307 | active terms: 12
Epoch 4400 | deriv 0.011300 | active terms: 12
Epoch 4450 | deriv 0.011278 | active terms: 12
Epoch 4500 | deriv 0.011273 | active terms: 12
Epoch 4550 | deriv 0.011301 | active terms: 12
Epoch 4600 | deriv 0.011289 | active terms: 12
Epoch 4650 | deriv 0.011262 | active terms: 12
Epoch 4700 | deriv 0.011264 | active terms: 12
Epoch 4750 | deriv 0.011269 | active terms: 12
Epoch 4800 | deriv 0.011257 | active terms: 12
Epoch 4850 | deriv 0.011253 | active terms: 12
Epoch 4900 | deriv 0.011246 | active terms: 12
Epoch 4950 | deriv 0.011234 | active terms: 12
Epoch 4999 | deriv 0.011231 | active terms: 12

Refit phase: 1000 epochs, lr=1.0e-02, l2=0, mask frozen (12 active terms)
Refit    0 | deriv 0.011229
Refit   50 | deriv 0.011226
Refit  100 | deriv 0.011225
Refit  150 | deriv 0.011224
Refit  200 | deriv 0.011223
Refit  250 | deriv 0.011222
Refit  300 | deriv 0.011220
Refit  350 | deriv 0.011219
Refit  400 | deriv 0.011217
Refit  450 | deriv 0.011215
Refit  500 | deriv 0.011213
Refit  550 | deriv 0.011211
Refit  600 | deriv 0.011209
Refit  650 | deriv 0.011207
Refit  700 | deriv 0.011204
Refit  750 | deriv 0.011202
Refit  800 | deriv 0.011199
Refit  850 | deriv 0.011197
Refit  900 | deriv 0.011194
Refit  950 | deriv 0.011191
Refit  999 | deriv 0.011188

============================================================
RESULT [refit5k]
  Recon: 4.58%  |  Forecast: DIVERGED
  Active terms: 12  |  Time: 115s
  dz1/dt = -2.109 + 11.229*z1 - 46.017*z2 + 0.134*z3
  dz2/dt = -13.933 + 34.059*z1 + 23.225*z2 + 33.296*z3
  dz3/dt = 8.991 - 27.758*z1 + 37.241*z2 - 15.384*z3
============================================================

  (saved to sst_hpo_results.json)


======================================================================
HPO RESULTS SUMMARY
======================================================================
Tag              sindy_w       l1   warm     ep  refit |   recon%    fore%  terms   time
-----------------------------------------------------------------------------------------------
dlr0.1               0.1        0   2500   5000   3000 |    4.28%  129.23%     12   112s
warm1k               0.1        0   1000   5000   3000 |    4.38%  351.69%     12   112s
l1_1e-4              0.1   0.0001   2500   5000   3000 |    4.55%     nan%     12   112s
prune0.1             0.1   0.0001   2500   5000   3000 |    4.55%     nan%     11   113s
sw0.1                0.1        0   2500   5000   3000 |    4.58%     nan%     12   112s
refit5k              0.1        0   2500   5000   5000 |    4.58%     nan%     12   115s
sw1.0_l1             1.0   0.0001   2500   5000   3000 |    5.25%     nan%     12   113s
sw1.0                1.0        0   2500   5000   3000 |    5.29%   23.11%     12   112s
sw0.5                0.5        0   2500   5000   3000 |    5.62%     nan%     12   112s
l1_1e-3              0.1    0.001   2500   5000   3000 |    5.82%     nan%     12   113s
sw0.05              0.05        0   2500   5000   3000 |    6.04% 1103.95%     12   113s
sw0.01              0.01        0   2500   5000   3000 |    6.48%   46.63%     12   110s
warm3k               0.1        0   3000   5000   3000 |    6.69%     nan%     12   112s
sw0.5_l1             0.5   0.0001   2500   5000   3000 |   10.02%     nan%     12   113s

Best (recon + 0.5*forecast): sw1.0
  Recon: 5.29%, Forecast: 23.11%
  Equations:
dz1/dt = 11.862 + 5.433*z1 + 6.033*z2 + 27.505*z3
dz2/dt = 8.804 + 14.013*z1 - 5.719*z2 + 20.683*z3
dz3/dt = -0.358 - 26.060*z1 + 25.099*z2 - 2.795*z3

Reference: SINDy-SHRED = 2.01% recon

Results saved to sst_hpo_results.json

